Product url,Product name,Product price,Rating,Number of reviews
https://www.amazon.in/sspa/click?ie=UTF8&spc=MTo3MjIxMDI2NzY4MDExNjE2OjE2ODUwMzQ4NDg6c3BfYXRmX25leHQ6MjAxMTAxODE1MTA5OTg6OjA6Og&url=%2FMokobara-Backpack-Leather-Resistant-Laptop%2Fdp%2FB0B7X81X69%2Fref%3Dsr_1_17_sspa%3Fcrid%3D2M096C61O4MLT%26keywords%3Dbags%26qid%3D1685034848%26sprefix%3Dba%252Caps%252C283%26sr%3D8-17-spons%26sp_csd%3Dd2lkZ2V0TmFtZT1zcF9hdGZfbmV4dA%26psc%3D1,"MOKOBARA The Work Backpack 15.6"" Inch Laptop | Travel Backpack For Men And Women","7,499",4.5 out of 5 stars,51
https://www.amazon.in/sspa/click?ie=UTF8&spc=MTo3MjIxMDI2NzY4MDExNjE2OjE2ODUwMzQ4NDg6c3BfYXRmX25leHQ6MjAxMTY4ODIxODEwOTg6OjA6Og&url=%2FRed-Lemon-Unisex-adult-Waterproof-Charging%2Fdp%2FB09VGNTDRZ%2Fref%3Dsr_1_18_sspa%3Fcrid%3D2M096C61O4MLT%26keywords%3Dbags%26qid%3D1685034848%26sprefix%3Dba%252Caps%252C283%26sr%3D8-18-spons%26sp_csd%3Dd2lkZ2V0TmFtZT1zcF9hdGZfbmV4dA%26psc%3D1,Red Lemon Unisex-adult Bange Series Rhombus Shell Design Waterproof Sling Bag with USB Charging,"1,999",4.4 out of 5 stars,73
https://www.amazon.in/GEAR-Black-Blue-Backpack-years/dp/B019HA8AYG/ref=sr_1_19?crid=2M096C61O4MLT&keywords=bags&qid=1685034848&sprefix=ba%2Caps%2C283&sr=8-19,Gear CarryOn 16L Foldable Water Resistant School Bag//Backpack/College Bag for Men/Women - Blue Black,254,3.7 out of 5 stars,"6,446"
https://www.amazon.in/Wesley-Milestone-Waterproof-Backpack-Business/dp/B085S444JV/ref=sr_1_20?crid=2M096C61O4MLT&keywords=bags&qid=1685034848&sprefix=ba%2Caps%2C283&sr=8-20,"Wesley Milestone 2.0 Casual Waterproof Laptop Backpack/Office Bag/School Bag/College Bag/Business Bag/Travel Backpack (Dimensions:13x18 inches) (Compatible with 39.62cm(15.6inch laptop) 30 L, Charcoal black",598,4.3 out of 5 stars,"10,922"
https://www.amazon.in/Gear-Classic-Leather-Backpack-LBPCLSLTH0201/dp/B07G4F6XFH/ref=sr_1_21?crid=2M096C61O4MLT&keywords=bags&qid=1685034848&sprefix=ba%2Caps%2C283&sr=8-21,Gear Classic 20L Faux Leather Water Resistant Anti Theft Laptop Bag/Backpack for Men/Women-Brown,988,4.4 out of 5 stars,"5,702"
https://www.amazon.in/Safari-Backpack-Resistant-Polyester-Travelling/dp/B09B26VHXV/ref=sr_1_22?crid=2M096C61O4MLT&keywords=bags&qid=1685034848&sprefix=ba%2Caps%2C283&sr=8-22,"Safari Flash Casual Backpack, 26 ltr Water Resistant Travel Bags| Weight Polyester Bagpack for Men and Women, Spacious Shoulder Bag for College, Office, Travelling and Camping",799,3.8 out of 5 stars,"2,708"
https://www.amazon.in/Half-Moon-Backpack-Luggage-Compartment/dp/B09VCLZ3K4/ref=sr_1_23?crid=2M096C61O4MLT&keywords=bags&qid=1685034848&sprefix=ba%2Caps%2C283&sr=8-23,Half Moon Large 37L Laptop Bag Backpack for menं Women Boys and Girls Luggage Travel Bags with 17.3 inches Laptop Compartment & Rain Cover,749,3.9 out of 5 stars,"2,764"
https://www.amazon.in/ZIPLINE-Polyester-Backpack-Children-Daypack/dp/B07XVMR33Q/ref=sr_1_24?crid=2M096C61O4MLT&keywords=bags&qid=1685034848&sprefix=ba%2Caps%2C283&sr=8-24,Zipline Unisex casual polyester 36 L Backpack School Bag Women Men Boys Girls children Daypack College Bag Book School Sports Bag Weekend Bag,834,4.0 out of 5 stars,"5,572"
https://www.amazon.in/Rucksack-Travel-Backpack-Trekking-Compartment/dp/B07YDGQQN5/ref=sr_1_25?crid=2M096C61O4MLT&keywords=bags&qid=1685034848&sprefix=ba%2Caps%2C283&sr=8-25,"Fur Jaden 55 LTR Rucksack Travel Backpack Bag for Trekking, Hiking with Shoe Compartment",849,4.3 out of 5 stars,"5,209"
https://www.amazon.in/American-Tourister-BACKPACK-COMPARTMENT-ORGANIZER/dp/B0BTD4FK9G/ref=sr_1_26?crid=2M096C61O4MLT&keywords=bags&qid=1685034848&sprefix=ba%2Caps%2C283&sr=8-26,"American Tourister VALEX BLUE LAPTOP BACKPACK 28 Ltrs,Volume, LAPTOP COMPARTMENT, BOTTLE POCKET, FRONT ORGANIZER","1,299",4.2 out of 5 stars,203
https://www.amazon.in/sspa/click?ie=UTF8&spc=MTo3MjIxMDI2NzY4MDExNjE2OjE2ODUwMzQ4NDg6c3BfbXRmOjIwMTEwMDgyMjQxMjk4OjowOjo&url=%2FRed-Lemon-Ironlook-Briefcase-Anti-Theft%2Fdp%2FB09ZYMT7V1%2Fref%3Dsr_1_27_sspa%3Fcrid%3D2M096C61O4MLT%26keywords%3Dbags%26qid%3D1685034848%26sprefix%3Dba%252Caps%252C283%26sr%3D8-27-spons%26sp_csd%3Dd2lkZ2V0TmFtZT1zcF9tdGY%26psc%3D1,Red Lemon Bange Hard Ironlook Briefcase Laptop Bag Anti-Theft Hard Shell Unisex Laptop Backpack with USB Charging Backpack for Men and Women,"4,990",4.4 out of 5 stars,80
https://www.amazon.in/sspa/click?ie=UTF8&spc=MTo3MjIxMDI2NzY4MDExNjE2OjE2ODUwMzQ4NDg6c3BfbXRmOjIwMTEwMTgxNTEwODk4OjowOjo&url=%2FMokobara-Backpack-litre-Brown-laptop%2Fdp%2FB095PC3QPV%2Fref%3Dsr_1_28_sspa%3Fcrid%3D2M096C61O4MLT%26keywords%3Dbags%26qid%3D1685034848%26sprefix%3Dba%252Caps%252C283%26sr%3D8-28-spons%26sp_csd%3Dd2lkZ2V0TmFtZT1zcF9tdGY%26psc%3D1,"MOKOBARA Backpack 15.5"" Inch Laptop Backpack For Women (16 litres ) Improved (2022 - Model)","4,499",4.3 out of 5 stars,168
https://www.amazon.in/Wesley-Milestone-Waterproof-Backpack-Business/dp/B07PLKV6D1/ref=sr_1_29?crid=2M096C61O4MLT&keywords=bags&qid=1685034848&sprefix=ba%2Caps%2C283&sr=8-29,Wesley Milestone 15.6 inch 25 L Casual Waterproof Laptop Backpack/Office Bag/School Bag/College Bag/Business Bag/Unisex Travel Backpack,497,4.3 out of 5 stars,"12,760"
https://www.amazon.in/Safari-Laptop-Backpack-Resistant-Fabric/dp/B09B25Z8M2/ref=sr_1_30?crid=2M096C61O4MLT&keywords=bags&qid=1685034848&sprefix=ba%2Caps%2C283&sr=8-30,"Safari Quill Laptop Backpack 26 Ltrs Water Resistant Fabric - Black, L (QUILL19CBBLK)",849,3.9 out of 5 stars,849
https://www.amazon.in/Safari-Laptop-Backpack-Resistant-Fabric/dp/B09B28TKLG/ref=sr_1_31?crid=2M096C61O4MLT&keywords=bags&qid=1685034848&sprefix=ba%2Caps%2C283&sr=8-31,"Safari Quill Laptop Backpack 26 Ltrs Water Resistant Fabric - Blue, L (QUILL19CBBLU)",849,4.0 out of 5 stars,600
https://www.amazon.in/POLESTAR-Vintage-Laptop-Backpack-bagpack/dp/B081GSQ9D9/ref=sr_1_32?crid=2M096C61O4MLT&keywords=bags&qid=1685034848&sprefix=ba%2Caps%2C283&sr=8-32,"POLESTAR Vintage 15.6 inch 32 LTR Casual Laptop Backpack/Office Bag/School Bag/College Bag/Business Bag/Unisex Backpack, Water Resistant and Light Weight, 1 year Warranty",549,3.9 out of 5 stars,"8,836"
https://www.amazon.in/ADISA-BP005-Weight-Casual-Backpack/dp/B07F3X45WZ/ref=sr_1_33?crid=2M096C61O4MLT&keywords=bags&qid=1685034848&sprefix=ba%2Caps%2C283&sr=8-33,ADISA Light Weight Laptop Backpack 32 Ltrs,499,4.0 out of 5 stars,"5,860"
https://www.amazon.in/Wesley-Milestone-Waterproof-Backpack-Business/dp/B07K8KLB3P/ref=sr_1_34?crid=2M096C61O4MLT&keywords=bags&qid=1685034848&sprefix=ba%2Caps%2C283&sr=8-34,"Wesley Unisex Milestone Casual Waterproof Laptop Office School College Business Travel Backpack 25 L (Dimensions: 12.5x18 inches) (Compatible with 15.6 inch laptops), Navy Blue",425,4.3 out of 5 stars,"12,760"
https://www.amazon.in/Half-Moon-Trekking-Bags-Compartment/dp/B08PSX1LN9/ref=sr_1_35?crid=2M096C61O4MLT&keywords=bags&qid=1685034848&sprefix=ba%2Caps%2C283&sr=8-35,Half Moon 45L Hammer Waterproof Laptop Travelling Rucksack Trekking Backpack for Travel Journey bags for Men Women Boys & Girls with 17.3inch Laptop Compartment & Rain cover,"1,199",4.1 out of 5 stars,"1,221"
https://www.amazon.in/Fur-Jaden-Black-Waterproof-Backpack/dp/B078GLXMDY/ref=sr_1_36?crid=2M096C61O4MLT&keywords=bags&qid=1685034848&sprefix=ba%2Caps%2C283&sr=8-36,FUR JADEN Anti Theft Backpack 15.6 Inch Laptop Bag with USB Charging Port For Men Women Boys Girls,899,4.0 out of 5 stars,"11,072"
https://www.amazon.in/sspa/click?ie=UTF8&spc=MTo3MjIxMDI2NzY4MDExNjE2OjE2ODUwMzQ4NDg6c3BfYnRmOjIwMDkyNTI1OTc5Njk4OjowOjo&url=%2FNumber-Backpack-Compartment-Charging-Organizer%2Fdp%2FB09VTCNN75%2Fref%3Dsr_1_37_sspa%3Fcrid%3D2M096C61O4MLT%26keywords%3Dbags%26qid%3D1685034848%26sprefix%3Dba%252Caps%252C283%26sr%3D8-37-spons%26sp_csd%3Dd2lkZ2V0TmFtZT1zcF9idGY%26psc%3D1,"FUR JADEN Anti Theft Number Lock Backpack Bag with 15.6 Inch Laptop Compartment, USB Charging Port & Organizer Pocket for Men Women Boys Girls",699,4.0 out of 5 stars,"4,022"
https://www.amazon.in/sspa/click?ie=UTF8&spc=MTo3MjIxMDI2NzY4MDExNjE2OjE2ODUwMzQ4NDg6c3BfYnRmOjIwMTI0MzExMDI0ODk4OjowOjo&url=%2Fuppercase-Backpack-2300EBP1-resistant-sustainable%2Fdp%2FB0BWNCV31F%2Fref%3Dsr_1_38_sspa%3Fcrid%3D2M096C61O4MLT%26keywords%3Dbags%26qid%3D1685034848%26sprefix%3Dba%252Caps%252C283%26sr%3D8-38-spons%26sp_csd%3Dd2lkZ2V0TmFtZT1zcF9idGY%26psc%3D1,"uppercase Medium 17 Ltrs Vegan Leather (upto 14 inch) Laptop Backpack 2300EBP1 3x more water resistant sustainable bags with rain proof zippers for Men, Women, Boys and Girls, 750 Days warranty","1,600",4.1 out of 5 stars,440
https://www.amazon.in/sspa/click?ie=UTF8&spc=MTozNTE1MTIxMzU4NTU3ODg6MTY4NTAzNDg1MDpzcF9hdGZfbmV4dDoyMDExMDE4MTUxMTE5ODo6MDo6&url=%2FMOKOBARA-TSBPK12CND22001-Backpack-Modern-Love%2Fdp%2FB08T1769X9%2Fref%3Dsr_1_49_sspa%3Fcrid%3D2M096C61O4MLT%26keywords%3Dbags%26qid%3D1685034850%26sprefix%3Dba%252Caps%252C283%26sr%3D8-49-spons%26sp_csd%3Dd2lkZ2V0TmFtZT1zcF9hdGZfbmV4dA%26psc%3D1,"MOKOBARA Backpack 15.5"" Inch Laptop Backpack For Women (16 litres ) Improved (2022 - Model)","4,499",4.3 out of 5 stars,168
https://www.amazon.in/sspa/click?ie=UTF8&spc=MTozNTE1MTIxMzU4NTU3ODg6MTY4NTAzNDg1MDpzcF9hdGZfbmV4dDoyMDExMDA4MjI0MTI5ODo6MDo6&url=%2FRed-Lemon-Ironlook-Briefcase-Anti-Theft%2Fdp%2FB09ZYMT7V1%2Fref%3Dsr_1_50_sspa%3Fcrid%3D2M096C61O4MLT%26keywords%3Dbags%26qid%3D1685034850%26sprefix%3Dba%252Caps%252C283%26sr%3D8-50-spons%26sp_csd%3Dd2lkZ2V0TmFtZT1zcF9hdGZfbmV4dA%26psc%3D1,Red Lemon Bange Hard Ironlook Briefcase Laptop Bag Anti-Theft Hard Shell Unisex Laptop Backpack with USB Charging Backpack for Men and Women,"4,990",4.4 out of 5 stars,80
https://www.amazon.in/ADISA-Laptop-Backpack-Office-College/dp/B0BPTV3795/ref=sr_1_51?crid=2M096C61O4MLT&keywords=bags&qid=1685034850&sprefix=ba%2Caps%2C283&sr=8-51,ADISA 32L Large Laptop Backpack Office Bag College Travel Back Pack with rain Cover (Black),599,3.8 out of 5 stars,141
https://www.amazon.in/AUXTER-BLACKY-Duffel-Emboss-Black/dp/B07F2H25NP/ref=sr_1_52?crid=2M096C61O4MLT&keywords=bags&qid=1685034850&sprefix=ba%2Caps%2C283&sr=8-52,AUXTER Faux Leather 23 Cms Duffle Bag(AUX_GB_LE_Black -SE_0521_Black),376,4.3 out of 5 stars,"9,121"
https://www.amazon.in/Backpack-Small-Black-Water-Repellant/dp/B088XB5XY8/ref=sr_1_53?crid=2M096C61O4MLT&keywords=bags&qid=1685034850&sprefix=ba%2Caps%2C283&sr=8-53,"Mi Step Out 12 L Mini Backpack (Small Size, Black, Water Repellant)",398,4.1 out of 5 stars,"8,997"
https://www.amazon.in/Lavie-Sport-Duffle-Luggage-Trolley/dp/B097RJ22Q3/ref=sr_1_54?crid=2M096C61O4MLT&keywords=bags&qid=1685034850&sprefix=ba%2Caps%2C283&sr=8-54,Lavie Sport Lino Large Size 63 cms Wheel Duffle Bag for Travel | Travel Bag with Trolley,"1,199",4.0 out of 5 stars,"7,624"
https://www.amazon.in/Nivia-5183-Polyester-Duffle-Medium/dp/B071KNXQ7Y/ref=sr_1_55?crid=2M096C61O4MLT&keywords=bags&qid=1685034850&sprefix=ba%2Caps%2C283&sr=8-55,NIVIA Beast Gym Bag-4 Polyester/Unisex Gym Bags/Shoulder Bag for Men & Women with Separate Shoes Compartment/Carry Gym Accessories/Fitness Bag/Sports & Travel Bag/Sports Kit,409,4.2 out of 5 stars,"3,290"
https://www.amazon.in/Lunars-Comet-Resistant-Casual-Backpack/dp/B07WNFN1XS/ref=sr_1_56?crid=2M096C61O4MLT&keywords=bags&qid=1685034850&sprefix=ba%2Caps%2C283&sr=8-56,Lunar's Comet 35L Water Resistant Travel Bagpack/College Backpack/School Bag/Office Bag/Business Backpack/Daypack for Men and Women with 1 Year Warranty,799,4.0 out of 5 stars,"13,288"
https://www.amazon.in/Half-Moon-Resistant-Backpack-Compartment/dp/B0BJ32LQ6X/ref=sr_1_57?crid=2M096C61O4MLT&keywords=bags&qid=1685034850&sprefix=ba%2Caps%2C283&sr=8-57,Half Moon Large 37L Laptop Bag Backpack for menं Women Boys and Girls Luggage Travel Bags with 17.3 inches Laptop Compartment & Rain Cover,749,3.9 out of 5 stars,"2,764"
https://www.amazon.in/Wesley-Milestone-Waterproof-Backpack-Business/dp/B07NJRPJ6Q/ref=sr_1_58?crid=2M096C61O4MLT&keywords=bags&qid=1685034850&sprefix=ba%2Caps%2C283&sr=8-58,Wesley Milestone 15.6 inch 25 L Casual Waterproof Laptop Backpack/Office Bag/School Bag/College Bag/Business Bag/Unisex Travel Backpack (Black),497,4.3 out of 5 stars,"12,760"
https://www.amazon.in/sspa/click?ie=UTF8&spc=MTozNTE1MTIxMzU4NTU3ODg6MTY4NTAzNDg1MDpzcF9tdGY6MjAxMTY4ODIxODEwOTg6OjA6Og&url=%2FRed-Lemon-Unisex-adult-Waterproof-Charging%2Fdp%2FB09VGNTDRZ%2Fref%3Dsr_1_59_sspa%3Fcrid%3D2M096C61O4MLT%26keywords%3Dbags%26qid%3D1685034850%26sprefix%3Dba%252Caps%252C283%26sr%3D8-59-spons%26sp_csd%3Dd2lkZ2V0TmFtZT1zcF9tdGY%26psc%3D1,Red Lemon Unisex-adult Bange Series Rhombus Shell Design Waterproof Sling Bag with USB Charging,"1,999",4.4 out of 5 stars,73
https://www.amazon.in/sspa/click?ie=UTF8&spc=MTozNTE1MTIxMzU4NTU3ODg6MTY4NTAzNDg1MDpzcF9tdGY6MjAxMjQzMTEwMjQ4OTg6OjA6Og&url=%2Fuppercase-Backpack-2300EBP1-resistant-sustainable%2Fdp%2FB0BWNCV31F%2Fref%3Dsr_1_60_sspa%3Fcrid%3D2M096C61O4MLT%26keywords%3Dbags%26qid%3D1685034850%26sprefix%3Dba%252Caps%252C283%26sr%3D8-60-spons%26sp_csd%3Dd2lkZ2V0TmFtZT1zcF9tdGY%26psc%3D1,"uppercase Medium 17 Ltrs Vegan Leather (upto 14 inch) Laptop Backpack 2300EBP1 3x more water resistant sustainable bags with rain proof zippers for Men, Women, Boys and Girls, 750 Days warranty","1,600",4.1 out of 5 stars,440
https://www.amazon.in/ADISA-Laptop-Backpack-Office-College/dp/B0BXQZ6Q85/ref=sr_1_61?crid=2M096C61O4MLT&keywords=bags&qid=1685034850&sprefix=ba%2Caps%2C283&sr=8-61,ADISA Large Laptop Backpack Office Bag College Travel Back Pack with USB (Black),499,4.0 out of 5 stars,39
https://www.amazon.in/Casual-Backpack-Charging-Laptop-Compartment/dp/B07J46KLFP/ref=sr_1_62?crid=2M096C61O4MLT&keywords=bags&qid=1685034850&sprefix=ba%2Caps%2C283&sr=8-62,"Fur Jaden 15.6 Inch Laptop Backpack 25 LTR Bag for School, College and Office with USB Charging Port",499,3.9 out of 5 stars,"10,167"
https://www.amazon.in/Lenovo-Professional-Backpack-Water-resistant-Uncompromised/dp/B08R7S55H4/ref=sr_1_63?crid=2M096C61O4MLT&keywords=bags&qid=1685034850&sprefix=ba%2Caps%2C283&sr=8-63,"Lenovo 15.6"" Professional Backpack, Made in India, Water-resistant,Uncompromised storage, Travel friendly:Fleece-lined PC compartment,Vented,Padded BackPanel & Adjustable shoulder straps,Luggage strap",700,4.2 out of 5 stars,755
https://www.amazon.in/AirCase-C34-Laptop-Backpack-Women/dp/B07QN4KXWG/ref=sr_1_64?crid=2M096C61O4MLT&keywords=bags&qid=1685034850&sprefix=ba%2Caps%2C283&sr=8-64,"AirCase Laptop Bag Backpack Case Pouch for Laptop Backpack for Men & Women,Premium Vegan Leather",918,3.8 out of 5 stars,806
https://www.amazon.in/Lenovo-Laptop-Backpack-15-6-Inch-GX40Q17225/dp/B075Y72PHZ/ref=sr_1_65?crid=2M096C61O4MLT&keywords=bags&qid=1685034850&sprefix=ba%2Caps%2C283&sr=8-65,"Lenovo 15.6"" Casual Backpack B210",749,4.2 out of 5 stars,"26,983"
https://www.amazon.in/ADISA-Laptop-Backpack-Office-College/dp/B0BPVCBFM7/ref=sr_1_66?crid=2M096C61O4MLT&keywords=bags&qid=1685034850&sprefix=ba%2Caps%2C283&sr=8-66,ADISA 32L Large Laptop Backpack Office Bag College Travel Back Pack with rain Cover (Green),599,3.8 out of 5 stars,141
https://www.amazon.in/NORTH-ZONE-Waterproof-Backpack-Dimensions/dp/B0BS6QM2GD/ref=sr_1_67?crid=2M096C61O4MLT&keywords=bags&qid=1685034850&sprefix=ba%2Caps%2C283&sr=8-67,NORTH ZONE Casual Waterproof Laptop Backpack/Office Bag/School Bag/College Bag/Business Bag/Travel Backpack (Dimensions:13x18 inches) (Compatible with 39.62cm(15.6inch laptop) 30 L,569,4.0 out of 5 stars,314
https://www.amazon.in/Genie-Glitter-Backpack-Women-compartments/dp/B097JHQH13/ref=sr_1_68?crid=2M096C61O4MLT&keywords=bags&qid=1685034850&sprefix=ba%2Caps%2C283&sr=8-68,"Genie Glitter Backpack for Women - 3 compartments, Laptop Bags for Girls, Stylish and Trendy College Backpacks for Girls, Water Resistant and Lightweight Bags for Office and Travelling Purpose.","1,199",4.3 out of 5 stars,680
https://www.amazon.in/sspa/click?ie=UTF8&spc=MTozNTE1MTIxMzU4NTU3ODg6MTY4NTAzNDg1MDpzcF9idGY6MjAxMTAxODE1MTA5OTg6OjA6Og&url=%2FMokobara-Backpack-Leather-Resistant-Laptop%2Fdp%2FB0B7X81X69%2Fref%3Dsr_1_69_sspa%3Fcrid%3D2M096C61O4MLT%26keywords%3Dbags%26qid%3D1685034850%26sprefix%3Dba%252Caps%252C283%26sr%3D8-69-spons%26sp_csd%3Dd2lkZ2V0TmFtZT1zcF9idGY%26psc%3D1,"MOKOBARA The Work Backpack 15.6"" Inch Laptop | Travel Backpack For Men And Women","7,499",4.5 out of 5 stars,51
https://www.amazon.in/sspa/click?ie=UTF8&spc=MTozNTE1MTIxMzU4NTU3ODg6MTY4NTAzNDg1MDpzcF9idGY6MjAwOTI1MjU5Nzk2OTg6OjA6Og&url=%2FNumber-Backpack-Compartment-Charging-Organizer%2Fdp%2FB09VTCNN75%2Fref%3Dsr_1_70_sspa%3Fcrid%3D2M096C61O4MLT%26keywords%3Dbags%26qid%3D1685034850%26sprefix%3Dba%252Caps%252C283%26sr%3D8-70-spons%26sp_csd%3Dd2lkZ2V0TmFtZT1zcF9idGY%26psc%3D1,"FUR JADEN Anti Theft Number Lock Backpack Bag with 15.6 Inch Laptop Compartment, USB Charging Port & Organizer Pocket for Men Women Boys Girls",699,4.0 out of 5 stars,"4,022"
https://www.amazon.in/sspa/click?ie=UTF8&spc=MToxNTU0NTkwNzcxMDAxNzY1OjE2ODUwMzQ4NTE6c3BfYXRmX25leHQ6MjAxMjQzMTEwMjQ4OTg6OjA6Og&url=%2Fuppercase-Backpack-2300EBP1-resistant-sustainable%2Fdp%2FB0BWNCV31F%2Fref%3Dsr_1_97_sspa%3Fcrid%3D2M096C61O4MLT%26keywords%3Dbags%26qid%3D1685034851%26sprefix%3Dba%252Caps%252C283%26sr%3D8-97-spons%26sp_csd%3Dd2lkZ2V0TmFtZT1zcF9hdGZfbmV4dA%26psc%3D1,"uppercase Medium 17 Ltrs Vegan Leather (upto 14 inch) Laptop Backpack 2300EBP1 3x more water resistant sustainable bags with rain proof zippers for Men, Women, Boys and Girls, 750 Days warranty","1,600",4.1 out of 5 stars,440
https://www.amazon.in/sspa/click?ie=UTF8&spc=MToxNTU0NTkwNzcxMDAxNzY1OjE2ODUwMzQ4NTE6c3BfYXRmX25leHQ6MjAxMTY4ODIxODEwOTg6OjA6Og&url=%2FRed-Lemon-Unisex-adult-Waterproof-Charging%2Fdp%2FB09VGNTDRZ%2Fref%3Dsr_1_98_sspa%3Fcrid%3D2M096C61O4MLT%26keywords%3Dbags%26qid%3D1685034851%26sprefix%3Dba%252Caps%252C283%26sr%3D8-98-spons%26sp_csd%3Dd2lkZ2V0TmFtZT1zcF9hdGZfbmV4dA%26psc%3D1,Red Lemon Unisex-adult Bange Series Rhombus Shell Design Waterproof Sling Bag with USB Charging,"1,999",4.4 out of 5 stars,73
https://www.amazon.in/Gear-Vintage2-Leather-Backpack-LBPVG2LTH0501/dp/B07G4HH78P/ref=sr_1_99?crid=2M096C61O4MLT&keywords=bags&qid=1685034851&sprefix=ba%2Caps%2C283&sr=8-99,Gear Vintage2 28L Faux Leather Water Resistant Anti Theft Laptop Bag/Backpack for Men/Women-Navy,970,4.4 out of 5 stars,"3,237"
https://www.amazon.in/LOOKMUSTER-Waterproof-Backpack-College-Business/dp/B0BS6YGKMC/ref=sr_1_100?crid=2M096C61O4MLT&keywords=bags&qid=1685034851&sprefix=ba%2Caps%2C283&sr=8-100,LOOKMUSTER Casual Waterproof Laptop Backpack/Office Bag/School Bag/College Bag/Business Bag/Travel Backpack…,598,3.9 out of 5 stars,26
https://www.amazon.in/Shalimar-Capacity-Travel-Storage-Duffel/dp/B09TPHFMX7/ref=sr_1_101?crid=2M096C61O4MLT&keywords=bags&qid=1685034851&sprefix=ba%2Caps%2C283&sr=8-101,"SHALIMAR large capacity Travel bag / Storage bag / Move-in bags/ Duffel Bag - Strong, Durable , Foldable and Water Resistant ( Pack of 1 ) ( Blue )",259,4.0 out of 5 stars,396
https://www.amazon.in/DZert-School-Polyester-Backpack-White/dp/B07GXYHFCY/ref=sr_1_102?crid=2M096C61O4MLT&keywords=bags&qid=1685034851&sprefix=ba%2Caps%2C283&sr=8-102,DZert Clasy Laptop Bag College Bag for Boys Girls 21 L Blue White,299,3.8 out of 5 stars,"2,401"
https://www.amazon.in/WILD-MODA-Womens-Shoulder-Turquoise/dp/B099PLT91X/ref=sr_1_103?crid=2M096C61O4MLT&keywords=bags&qid=1685034851&sprefix=ba%2Caps%2C283&sr=8-103,"WILD MODA Women's Shoulder Bag, Set of 1",849,4.2 out of 5 stars,"3,805"
https://www.amazon.in/F-Gear-String-Polyester-33-cms-Black-Drawstring-Gym-Bag/dp/B07PC28YQ9/ref=sr_1_104?crid=2M096C61O4MLT&keywords=bags&qid=1685034851&sprefix=ba%2Caps%2C283&sr=8-104,F Gear String 11 Ltrs Nylon Black Gym Bag,189,4.0 out of 5 stars,505
https://www.amazon.in/BennettTM-Shoulder-Messenger-Repellent-Charcoal/dp/B09CV24TMK/ref=sr_1_105?crid=2M096C61O4MLT&keywords=bags&qid=1685034851&sprefix=ba%2Caps%2C283&sr=8-105,Bennett™ Mystic Unisex Adult Men's Laptop Bag 15.6 inch Side Shoulder Briefcase Satchel Messenger Business Bags for Men & Women Front Pocket for Laptop Accessories - Black (6 Month Warranty),512,4.0 out of 5 stars,"5,740"
https://www.amazon.in/ADISA-Laptop-Backpack-College-z-Black/dp/B09TPY1G1W/ref=sr_1_106?crid=2M096C61O4MLT&keywords=bags&qid=1685034851&sprefix=ba%2Caps%2C283&sr=8-106,ADISA 15.6 inch Laptop Backpack Office Bag College Travel Back Pack 32 Ltrs (z-Black),499,3.9 out of 5 stars,801
https://www.amazon.in/sspa/click?ie=UTF8&spc=MToxNTU0NTkwNzcxMDAxNzY1OjE2ODUwMzQ4NTE6c3BfbXRmOjIwMTE3Nzk1ODcxNjk4OjowOjo&url=%2FMokobara-Transit-Backpack-Laptop-Sunray%2Fdp%2FB09V7R98XC%2Fref%3Dsr_1_107_sspa%3Fcrid%3D2M096C61O4MLT%26keywords%3Dbags%26qid%3D1685034851%26sprefix%3Dba%252Caps%252C283%26sr%3D8-107-spons%26sp_csd%3Dd2lkZ2V0TmFtZT1zcF9tdGY%26psc%3D1,MOKOBARA The Transit Backpack Laptop Bag for Men and Women,"5,999",4.5 out of 5 stars,590
https://www.amazon.in/sspa/click?ie=UTF8&spc=MToxNTU0NTkwNzcxMDAxNzY1OjE2ODUwMzQ4NTE6c3BfbXRmOjIwMTEwMDgyMjQxMjk4OjowOjo&url=%2FRed-Lemon-Ironlook-Briefcase-Anti-Theft%2Fdp%2FB09ZYMT7V1%2Fref%3Dsr_1_108_sspa%3Fcrid%3D2M096C61O4MLT%26keywords%3Dbags%26qid%3D1685034851%26sprefix%3Dba%252Caps%252C283%26sr%3D8-108-spons%26sp_csd%3Dd2lkZ2V0TmFtZT1zcF9tdGY%26psc%3D1,Red Lemon Bange Hard Ironlook Briefcase Laptop Bag Anti-Theft Hard Shell Unisex Laptop Backpack with USB Charging Backpack for Men and Women,"4,990",4.4 out of 5 stars,80
https://www.amazon.in/HAMMONDS-FLYCATCHER-Genuine-Shoulder-Messenger/dp/B07P2TQH78/ref=sr_1_109?crid=2M096C61O4MLT&keywords=bags&qid=1685034851&sprefix=ba%2Caps%2C283&sr=8-109,"Hammonds Flycatcher Genuine Leather Laptop Bag for Men/Office Bag for Men, Brown | Fits Upto 16 Inch Laptop/MacBook| Leather Bag with Shoulder Straps | Laptop Messenger Bag/Leather Bag for Men |","2,591",4.3 out of 5 stars,"4,893"
https://www.amazon.in/Purple-Tree-Multifunction-Waterproof-Compartment/dp/B0BKSXQBXX/ref=sr_1_110?crid=2M096C61O4MLT&keywords=bags&qid=1685034851&sprefix=ba%2Caps%2C283&sr=8-110,"The Purple Tree Multifunction Waterproof Laptop Travel Backpack with Shoe Compartment, Shoulder Bag, 35 L Laptop Backpack with USB Charging, Flight Cabin Backpack, Antitheft Zipper Bag","2,499",3.7 out of 5 stars,20
https://www.amazon.in/DZert-Girls-Polyester-White-Backpack/dp/B07H1BPCGQ/ref=sr_1_111?crid=2M096C61O4MLT&keywords=bags&qid=1685034851&sprefix=ba%2Caps%2C283&sr=8-111,DZert Clasy Laptop Bag College Bag for Boys Girls 21 L Nevy Blue,339,3.8 out of 5 stars,"2,401"
https://www.amazon.in/Mokobara-Backpack-litre-Brown-laptop/dp/B095PC3QPV/ref=sr_1_112?crid=2M096C61O4MLT&keywords=bags&qid=1685034851&sprefix=ba%2Caps%2C283&sr=8-112,"MOKOBARA Backpack 15.5"" Inch Laptop Backpack For Women (16 litres ) Improved (2022 - Model)","4,499",4.3 out of 5 stars,168
https://www.amazon.in/Red-Lemon-Shoulder-Resistant-Electronic/dp/B0BT82BKCN/ref=sr_1_113?crid=2M096C61O4MLT&keywords=bags&qid=1685034851&sprefix=ba%2Caps%2C283&sr=8-113,Red Lemon Arctic Hunter Mens Small Sling Bag Chest Bag Shoulder Bag Mobile Bag Side Bag with Earphone Port Water Resistant for Everyday Use Small Items and Small Electronic Product (Black),"1,299",3.6 out of 5 stars,6
https://www.amazon.in/HEROZ-Backpack-Resistant-Computer-17-3-inch/dp/B083N3DCTM/ref=sr_1_114?crid=2M096C61O4MLT&keywords=bags&qid=1685034851&sprefix=ba%2Caps%2C283&sr=8-114,HEROZ Hacker 50 litres Nylon Travel Laptop Backpack Water Resistant Slim Durable Computer Book Bag Tracking Fits Up to 17.3-inch Laptop (058- ALL) (Navy Blue),"1,599",4.2 out of 5 stars,"3,797"
https://www.amazon.in/POLESTAR-backpack-Backpack-College-Students/dp/B08X2KRL8B/ref=sr_1_115?crid=2M096C61O4MLT&keywords=bags&qid=1685034851&sprefix=ba%2Caps%2C283&sr=8-115,"POLESTAR Leader 34 L Bag for College, School, Office, Casual Multipurpose Backpack with 15.6"" Laptop Compartment, Water Resistant, Unisex Design, Stylish & Durable, 1 Year Warranty",599,4.1 out of 5 stars,"3,485"
https://www.amazon.in/POLESTAR-Casual-bagpack-School-Backpack/dp/B07PQQ8M7B/ref=sr_1_116?crid=2M096C61O4MLT&keywords=bags&qid=1685034851&sprefix=ba%2Caps%2C283&sr=8-116,"POLESTAR Noble 32 L Bag for College, School, Office, Casual Multipurpose Backpack with 15.6"" Laptop Compartment, Water Resistant, Unisex Design, Stylish & Durable, 1 Year Warranty",579,3.9 out of 5 stars,"17,556"
https://www.amazon.in/sspa/click?ie=UTF8&spc=MToxNTU0NTkwNzcxMDAxNzY1OjE2ODUwMzQ4NTE6c3BfYnRmOjIwMTE2ODc5MTcxODk4OjowOjo&url=%2FRed-Lemon-Polyester-15-6-inch-Waterproof%2Fdp%2FB07XYY2FW4%2Fref%3Dsr_1_117_sspa%3Fcrid%3D2M096C61O4MLT%26keywords%3Dbags%26qid%3D1685034851%26sprefix%3Dba%252Caps%252C283%26sr%3D8-117-spons%26sp_csd%3Dd2lkZ2V0TmFtZT1zcF9idGY%26psc%3D1,Red Lemon Polyester Bange Series 15.6inch Laptop Bag for Men 35 LTR Capacity Daily Office Bag for Men and Women Black (1903),"2,949",4.2 out of 5 stars,170
https://www.amazon.in/sspa/click?ie=UTF8&spc=MToxNTU0NTkwNzcxMDAxNzY1OjE2ODUwMzQ4NTE6c3BfYnRmOjIwMDYzNzg0NDU4Mjk4OjowOjo&url=%2Fuppercase-Backpack-1600EBP1-repellent-sustainable%2Fdp%2FB0B5N9TY9C%2Fref%3Dsr_1_118_sspa%3Fcrid%3D2M096C61O4MLT%26keywords%3Dbags%26qid%3D1685034851%26sprefix%3Dba%252Caps%252C283%26sr%3D8-118-spons%26sp_csd%3Dd2lkZ2V0TmFtZT1zcF9idGY%26psc%3D1,"uppercase Laptop Backpack 1600EBP Compact 3x more water repellent sustainable bags with rain proof zippers for Men, Women, Boys and Girls, 750 Days warranty","1,100",4.2 out of 5 stars,198
https://www.amazon.in/DZert-Fabric-Multicolour-Spiderman-Printed/dp/B07BNS3KNX/ref=sr_1_113?crid=2M096C61O4MLT&keywords=bags&qid=1685034852&sprefix=ba%2Caps%2C283&sr=8-113,DZert Kids School Bag Soft Plush Backpacks Cartoon Boys Girls Baby (2-5 Years),239,3.8 out of 5 stars,"1,446"
https://www.amazon.in/POLESTAR-Casual-bagpack-School-Backpack/dp/B07PQQ8M7B/ref=sr_1_114?crid=2M096C61O4MLT&keywords=bags&qid=1685034852&sprefix=ba%2Caps%2C283&sr=8-114,"POLESTAR Noble 32 L Bag for College, School, Office, Casual Multipurpose Backpack with 15.6"" Laptop Compartment, Water Resistant, Unisex Design, Stylish & Durable, 1 Year Warranty",579,3.9 out of 5 stars,"17,556"
https://www.amazon.in/ADISA-Laptop-Backpack-Office-College/dp/B0BPTT2HZY/ref=sr_1_115?crid=2M096C61O4MLT&keywords=bags&qid=1685034852&sprefix=ba%2Caps%2C283&sr=8-115,ADISA 32L Large Laptop Backpack Office Bag College Travel Back Pack with rain Cover (Navy),599,3.8 out of 5 stars,141
https://www.amazon.in/NETTIE-Cotton-Carry-Strap-Drawstring/dp/B08LBT1R9J/ref=sr_1_116?crid=2M096C61O4MLT&keywords=bags&qid=1685034852&sprefix=ba%2Caps%2C283&sr=8-116,NETTIE Cotton Carry Bag with Strap and Drawstring for Yoga Mat- Big Size,198,4.1 out of 5 stars,"1,066"
https://www.amazon.in/Police-Polyester-Laptop-Spec-Backpack/dp/B07ZB8NWTZ/ref=sr_1_117?crid=2M096C61O4MLT&keywords=bags&qid=1685034852&sprefix=ba%2Caps%2C283&sr=8-117,POLICE Polyester 35 Ltr Laptop Big Low Spec Laptop Backpack - Black/Navy,"1,569",3.3 out of 5 stars,202
https://www.amazon.in/Gear-Workspace-Briefcase-Black-Red-BKPWRPHYD0101/dp/B097KGL2M5/ref=sr_1_118?crid=2M096C61O4MLT&keywords=bags&qid=1685034852&sprefix=ba%2Caps%2C283&sr=8-118,Gear Workspace 18L Water Resistant Laptop Bag/Backpack/Office Bag for Men/Women-Black,879,4.2 out of 5 stars,312
https://www.amazon.in/ASTRID-Blue-Diamond-Textured-Cotton/dp/B08W5DQ33D/ref=sr_1_119?crid=2M096C61O4MLT&keywords=bags&qid=1685034852&sprefix=ba%2Caps%2C283&sr=8-119,ASTRID Blue Diamond Textured Cotton Tote Bag,599,4.3 out of 5 stars,130
https://www.amazon.in/Waterproof-Laptop-College-Backpack-Navy_Blue/dp/B0BW9GWPYH/ref=sr_1_120?crid=2M096C61O4MLT&keywords=bags&qid=1685034852&sprefix=ba%2Caps%2C283&sr=8-120,30 L Waterproof Laptop/College/School/Office Bag Backpack for Men Women Boys Girls with Rain Cover (Navy_Blue),499,5.0 out of 5 stars,1
https://www.amazon.in/PUMA-Gym-Bag-IND-Fig-CASTLEROCK/dp/B089T98TKG/ref=sr_1_121?crid=2M096C61O4MLT&keywords=bags&qid=1685034852&sprefix=ba%2Caps%2C283&sr=8-121,Puma Unisex Gym Bag IND,619,4.0 out of 5 stars,443
https://www.amazon.in/ADISA-BP005-Weight-Casual-Backpack/dp/B07D8ZLTT9/ref=sr_1_122?crid=2M096C61O4MLT&keywords=bags&qid=1685034852&sprefix=ba%2Caps%2C283&sr=8-122,ADISA Light Weight Laptop Backpack 32 Ltrs,499,4.0 out of 5 stars,"5,860"
https://www.amazon.in/Wildcraft-Packs18-Laptop-Backpack-Streak/dp/B07FC4D9B5/ref=sr_1_123?crid=2M096C61O4MLT&keywords=bags&qid=1685034852&sprefix=ba%2Caps%2C283&sr=8-123,Wildcraft Work Packs'18 21 Ltrs Black Laptop Backpack (Streak Plus),"1,549",4.4 out of 5 stars,"1,943"
https://www.amazon.in/Adjustable-Backpack-Charging-Resistant-Bussiness/dp/B084NZFNGS/ref=sr_1_124?crid=2M096C61O4MLT&keywords=bags&qid=1685034852&sprefix=ba%2Caps%2C283&sr=8-124,"Arctic Hunter Backpack,Original 41L Expandable Laptop Bag Business Travel Backpack with 17 inch Laptop Pocket 3 in 1 Convertible Laptop Backpack Tech Bag with USB Charging Port Water-resistant Multiple Compartments Large Capacity Bag for Men Women Travel Business College","3,419",4.5 out of 5 stars,490
https://www.amazon.in/PALAY%C2%AE-Shoulder-4-Zipper-Pockets-Adjustable/dp/B08SWGFBNT/ref=sr_1_125?crid=2M096C61O4MLT&keywords=bags&qid=1685034852&sprefix=ba%2Caps%2C283&sr=8-125,"Palay Waist Bag For Unisex With Adjustable Strap, Waterproof Fanny Pack Stylish Chest Bag Bum Bag With 4-Zipper Pockets For Travel Party Festival Running Hiking",584,4.4 out of 5 stars,308
https://www.amazon.in/ADISA-Womens-Girls-Party-Crossbody/dp/B0B2WBJ2H8/ref=sr_1_126?crid=2M096C61O4MLT&keywords=bags&qid=1685034852&sprefix=ba%2Caps%2C283&sr=8-126,ADISA Women's Girls Party Sling Bag Crossbody,399,3.7 out of 5 stars,114
https://www.amazon.in/Artistix-Backpack-Anti-Theft-Charging-Resistance/dp/B082PKX18C/ref=sr_1_127?crid=2M096C61O4MLT&keywords=bags&qid=1685034852&sprefix=ba%2Caps%2C283&sr=8-127,"Artistix Talon Anti Theft Design Laptop Backpack, With USB Charging Port (46 Cm, 25L,Black)",999,4.3 out of 5 stars,"3,279"
https://www.amazon.in/Impulse-rucksack-75-backpack-trekking/dp/B09T9XDQ99/ref=sr_1_128?crid=2M096C61O4MLT&keywords=bags&qid=1685034852&sprefix=ba%2Caps%2C283&sr=8-128,Impulse rucksack bags 75 litres travel bag for men tourist bag for travel backpack for hiking trekking Bag for men camping thames blue bag with 1 Year Warranty,"1,244",4.0 out of 5 stars,363
https://www.amazon.in/sspa/click?ie=UTF8&spc=MTo0NjYxMzIxOTYyMzY0MjA2OjE2ODUwMzQ4NTQ6c3BfYXRmX25leHQ6MjAxMTAwODIyNDEyOTg6OjA6Og&url=%2FRed-Lemon-Ironlook-Briefcase-Anti-Theft%2Fdp%2FB09ZYMT7V1%2Fref%3Dsr_1_129_sspa%3Fcrid%3D2M096C61O4MLT%26keywords%3Dbags%26qid%3D1685034854%26sprefix%3Dba%252Caps%252C283%26sr%3D8-129-spons%26sp_csd%3Dd2lkZ2V0TmFtZT1zcF9hdGZfbmV4dA%26psc%3D1,Red Lemon Bange Hard Ironlook Briefcase Laptop Bag Anti-Theft Hard Shell Unisex Laptop Backpack with USB Charging Backpack for Men and Women,"4,990",4.4 out of 5 stars,80
https://www.amazon.in/sspa/click?ie=UTF8&spc=MTo0NjYxMzIxOTYyMzY0MjA2OjE2ODUwMzQ4NTQ6c3BfYXRmX25leHQ6MjAxMTY4ODIxODEwOTg6OjA6Og&url=%2FRed-Lemon-Unisex-adult-Waterproof-Charging%2Fdp%2FB09VGNTDRZ%2Fref%3Dsr_1_130_sspa%3Fcrid%3D2M096C61O4MLT%26keywords%3Dbags%26qid%3D1685034854%26sprefix%3Dba%252Caps%252C283%26sr%3D8-130-spons%26sp_csd%3Dd2lkZ2V0TmFtZT1zcF9hdGZfbmV4dA%26psc%3D1,Red Lemon Unisex-adult Bange Series Rhombus Shell Design Waterproof Sling Bag with USB Charging,"1,999",4.4 out of 5 stars,73
https://www.amazon.in/ADISA-Laptop-Backpack-Office-College/dp/B0BPTT2HZY/ref=sr_1_131?crid=2M096C61O4MLT&keywords=bags&qid=1685034854&sprefix=ba%2Caps%2C283&sr=8-131,ADISA 32L Large Laptop Backpack Office Bag College Travel Back Pack with rain Cover (Navy),599,3.8 out of 5 stars,141
https://www.amazon.in/ADISA-Laptop-Backpack-College-z-Black/dp/B09TPY1G1W/ref=sr_1_132?crid=2M096C61O4MLT&keywords=bags&qid=1685034854&sprefix=ba%2Caps%2C283&sr=8-132,ADISA 15.6 inch Laptop Backpack Office Bag College Travel Back Pack 32 Ltrs (z-Black),499,3.9 out of 5 stars,801
https://www.amazon.in/COSMUS-Multipurpose-Backpack-Bag-compartment/dp/B078JVT384/ref=sr_1_133?crid=2M096C61O4MLT&keywords=bags&qid=1685034854&sprefix=ba%2Caps%2C283&sr=8-133,"COSMUS Madison waterproof Multipurpose Backpack With laptop compartment , 33L","1,420",4.2 out of 5 stars,"2,231"
https://www.amazon.in/Hoteon-Backpack-Anti-Theft-Earphone-Resistant/dp/B08HM4TQZZ/ref=sr_1_134?crid=2M096C61O4MLT&keywords=bags&qid=1685034854&sprefix=ba%2Caps%2C283&sr=8-134,"Golden Wolf Laptop Bag Anti-theft Backpack with Lock College School Laptop Backpack with Rain Cover Water Resistant Business Backpack with USB Port for 15.6-inch Laptop Office Travel Bag for Men and Women Gifts, Dark Grey","1,946",4.4 out of 5 stars,"3,364"
https://www.amazon.in/DZert-Polyester-Black-White-Laptop/dp/B07H193V57/ref=sr_1_135?crid=2M096C61O4MLT&keywords=bags&qid=1685034854&sprefix=ba%2Caps%2C283&sr=8-135,DZert Clasy Laptop Bag College Bag for Boys Girls 21 L Black,339,3.8 out of 5 stars,"2,401"
https://www.amazon.in/F-Gear-Enzo-Black-Blue-Waist-Bag/dp/B0862LXJYT/ref=sr_1_136?crid=2M096C61O4MLT&keywords=bags&qid=1685034854&sprefix=ba%2Caps%2C283&sr=8-136,F Gear Enzo Sports Waist Bag (.Black Blue),148,4.2 out of 5 stars,"1,190"
https://www.amazon.in/HEROZ-Backpack-Resistant-Durable-Notebook/dp/B09B7KC93T/ref=sr_1_137?crid=2M096C61O4MLT&keywords=bags&qid=1685034854&sprefix=ba%2Caps%2C283&sr=8-137,HEROZ Hammer Unisex Nylon 35 L Travel Laptop Backpack Water Resistant Slim Durable Fits Up to 17.3 Inch Laptop Notebook (Black),"1,199",4.2 out of 5 stars,"1,129"
https://www.amazon.in/FATMUG-Laptop-Bag-Men-Convertible/dp/B084LFX8ZZ/ref=sr_1_138?crid=2M096C61O4MLT&keywords=bags&qid=1685034854&sprefix=ba%2Caps%2C283&sr=8-138,FATMUG Laptop Bag For Men - Convertible Backpack For Office And Travel (Light Grey Oxford Fabric),"1,499",4.4 out of 5 stars,"1,911"
https://www.amazon.in/sspa/click?ie=UTF8&spc=MTo0NjYxMzIxOTYyMzY0MjA2OjE2ODUwMzQ4NTQ6c3BfbXRmOjIwMTE3Nzk1ODc0NDk4OjowOjo&url=%2FMokobara-Backpack-Leather-Resistant-College%2Fdp%2FB09WVGDV1V%2Fref%3Dsr_1_139_sspa%3Fcrid%3D2M096C61O4MLT%26keywords%3Dbags%26qid%3D1685034854%26sprefix%3Dba%252Caps%252C283%26sr%3D8-139-spons%26sp_csd%3Dd2lkZ2V0TmFtZT1zcF9tdGY%26psc%3D1,"MOKOBARA Backpack 15.5"" Inch Laptop Backpack For Women (16 litres ) Improved (2022 - Model)","4,499",4.3 out of 5 stars,168
https://www.amazon.in/sspa/click?ie=UTF8&spc=MTo0NjYxMzIxOTYyMzY0MjA2OjE2ODUwMzQ4NTQ6c3BfbXRmOjIwMTI0MzExMDI0ODk4OjowOjo&url=%2Fuppercase-Backpack-2300EBP1-resistant-sustainable%2Fdp%2FB0BWNCV31F%2Fref%3Dsr_1_140_sspa%3Fcrid%3D2M096C61O4MLT%26keywords%3Dbags%26qid%3D1685034854%26sprefix%3Dba%252Caps%252C283%26sr%3D8-140-spons%26sp_csd%3Dd2lkZ2V0TmFtZT1zcF9tdGY%26psc%3D1,"uppercase Medium 17 Ltrs Vegan Leather (upto 14 inch) Laptop Backpack 2300EBP1 3x more water resistant sustainable bags with rain proof zippers for Men, Women, Boys and Girls, 750 Days warranty","1,600",4.1 out of 5 stars,440
https://www.amazon.in/Amazon-Basics-Casual-Backpack-15-6-inch/dp/B09W4WJ1CB/ref=sr_1_141?crid=2M096C61O4MLT&keywords=bags&qid=1685034854&sprefix=ba%2Caps%2C283&sr=8-141,Amazon Basics 20 ltrs Casual/Travel/College Backpack for 15.6-inch Laptop | Water Resistant Fabric,459,4.2 out of 5 stars,533
https://www.amazon.in/Nishi-Backpack-Waterproof-Stylish-College/dp/B0BR9W54MW/ref=sr_1_142?crid=2M096C61O4MLT&keywords=bags&qid=1685034854&sprefix=ba%2Caps%2C283&sr=8-142,"Nishi Medium Kids Backpack Waterproof Backpack, Girls & Women Stylish Trendy College, School & College Bag Black",369,3.3 out of 5 stars,24
https://www.amazon.in/DZert-Girls-Polyester-White-Backpack/dp/B07H1BPCGQ/ref=sr_1_143?crid=2M096C61O4MLT&keywords=bags&qid=1685034854&sprefix=ba%2Caps%2C283&sr=8-143,DZert Clasy Laptop Bag College Bag for Boys Girls 21 L Nevy Blue,339,3.8 out of 5 stars,"2,401"
https://www.amazon.in/Classic-Leather-Laptop-Backpack-LBPCLSLTH1901/dp/B07G4CYC74/ref=sr_1_144?crid=2M096C61O4MLT&keywords=bags&qid=1685034854&sprefix=ba%2Caps%2C283&sr=8-144,Gear Classic 20L Faux Leather Water Resistant Anti Theft Laptop Bag/Backpack for Men/Women-Tan,990,4.4 out of 5 stars,"2,419"
https://www.amazon.in/Adjustable-Backpack-Charging-Resistant-Bussiness/dp/B084NZFNGS/ref=sr_1_145?crid=2M096C61O4MLT&keywords=bags&qid=1685034854&sprefix=ba%2Caps%2C283&sr=8-145,"Arctic Hunter Backpack,Original 41L Expandable Laptop Bag Business Travel Backpack with 17 inch Laptop Pocket 3 in 1 Convertible Laptop Backpack Tech Bag with USB Charging Port Water-resistant Multiple Compartments Large Capacity Bag for Men Women Travel Business College","3,419",4.5 out of 5 stars,490
https://www.amazon.in/Gear-Ltrs-Casual-Backpack-MDBKPECO50504/dp/B0757K36YV/ref=sr_1_146?crid=2M096C61O4MLT&keywords=bags&qid=1685034854&sprefix=ba%2Caps%2C283&sr=8-146,Gear Moderneco5 21L Water Resistant School Bag/Backpack/College Bag For Men/Women - Navyblue,420,3.9 out of 5 stars,"2,603"
https://www.amazon.in/Hammonds-Flycatcher-Brown-Mens-Laptop/dp/B01LYDRI9V/ref=sr_1_147?crid=2M096C61O4MLT&keywords=bags&qid=1685034854&sprefix=ba%2Caps%2C283&sr=8-147,"Hammonds Flycatcher Genuine Leather Laptop Bag for Men/Office Bag for Men, Brown | Fits Upto 16 Inch Laptop/MacBook | Leather Bag with Shoulder Straps | Laptop Messenger Bag/Leather Bag for Men","2,899",4.4 out of 5 stars,"2,412"
https://www.amazon.in/Foldable-Travel-Shoulder-Shopping-Luggage/dp/B07VCRL9H3/ref=sr_1_148?crid=2M096C61O4MLT&keywords=bags&qid=1685034854&sprefix=ba%2Caps%2C283&sr=8-148,"Foldable Travel Duffel Bag,Sport Totes,Shoulder Shopping Bag,Luggage Bag,2 Pack (Pink+Blue)",399,3.8 out of 5 stars,495
https://www.amazon.in/sspa/click?ie=UTF8&spc=MTo0NjYxMzIxOTYyMzY0MjA2OjE2ODUwMzQ4NTQ6c3BfYnRmOjIwMTEwMTgxNTEwOTk4OjowOjo&url=%2FMokobara-Backpack-Leather-Resistant-Laptop%2Fdp%2FB0B7X81X69%2Fref%3Dsr_1_149_sspa%3Fcrid%3D2M096C61O4MLT%26keywords%3Dbags%26qid%3D1685034854%26sprefix%3Dba%252Caps%252C283%26sr%3D8-149-spons%26sp_csd%3Dd2lkZ2V0TmFtZT1zcF9idGY%26psc%3D1,"MOKOBARA The Work Backpack 15.6"" Inch Laptop | Travel Backpack For Men And Women","7,499",4.5 out of 5 stars,51
https://www.amazon.in/sspa/click?ie=UTF8&spc=MTo0NjYxMzIxOTYyMzY0MjA2OjE2ODUwMzQ4NTQ6c3BfYnRmOjIwMDkyNTI1OTc5Njk4OjowOjo&url=%2FNumber-Backpack-Compartment-Charging-Organizer%2Fdp%2FB09VTCNN75%2Fref%3Dsr_1_150_sspa%3Fcrid%3D2M096C61O4MLT%26keywords%3Dbags%26qid%3D1685034854%26sprefix%3Dba%252Caps%252C283%26sr%3D8-150-spons%26sp_csd%3Dd2lkZ2V0TmFtZT1zcF9idGY%26psc%3D1,"FUR JADEN Anti Theft Number Lock Backpack Bag with 15.6 Inch Laptop Compartment, USB Charging Port & Organizer Pocket for Men Women Boys Girls",699,4.0 out of 5 stars,"4,022"
https://www.amazon.in/American-Tourister-LAPTOP-BACKPACK-POLYESTER/dp/B0BLCC945Z/ref=sr_1_145?crid=2M096C61O4MLT&keywords=bags&qid=1685034855&sprefix=ba%2Caps%2C283&sr=8-145,American Tourister SPIN LAPTOP BACKPACK 28L POLYESTER TEAL,"1,399",4.1 out of 5 stars,18
https://www.amazon.in/Gear-Bounce-Backpack-Grey-Orange-BKPBOUNCE0604/dp/B097KCLF5F/ref=sr_1_146?crid=2M096C61O4MLT&keywords=bags&qid=1685034855&sprefix=ba%2Caps%2C283&sr=8-146,Gear Bounce 27 Ltrs Water Resistant School Bag/Backpack/College Bag for Men/Women-Grey Orange,615,3.6 out of 5 stars,422
https://www.amazon.in/NORTH-ZONE-Lightweight-Backpacks-Stylish/dp/B0BL3SPN16/ref=sr_1_147?crid=2M096C61O4MLT&keywords=bags&qid=1685034855&sprefix=ba%2Caps%2C283&sr=8-147,NORTH ZONE Lightweight school bags Backpacks for Boys Girls Stylish men and women Casual Travel Laptop Bag College office,568,3.9 out of 5 stars,742
https://www.amazon.in/DZert-Polyester-Black-White-Laptop/dp/B07H193V57/ref=sr_1_148?crid=2M096C61O4MLT&keywords=bags&qid=1685034855&sprefix=ba%2Caps%2C283&sr=8-148,DZert Clasy Laptop Bag College Bag for Boys Girls 21 L Black,339,3.8 out of 5 stars,"2,401"
https://www.amazon.in/DZert-Fabric-Multicolour-Spiderman-Printed/dp/B07BNS3KNX/ref=sr_1_149?crid=2M096C61O4MLT&keywords=bags&qid=1685034855&sprefix=ba%2Caps%2C283&sr=8-149,DZert Kids School Bag Soft Plush Backpacks Cartoon Boys Girls Baby (2-5 Years),239,3.8 out of 5 stars,"1,446"
https://www.amazon.in/Wildcraft-Casual-backpack-45L-12956/dp/B0BZVCHKTD/ref=sr_1_150?crid=2M096C61O4MLT&keywords=bags&qid=1685034855&sprefix=ba%2Caps%2C283&sr=8-150,Wildcraft Casual backpack 45L (12956),"1,548",4.5 out of 5 stars,2
https://www.amazon.in/Lunars-Router-Resistant-Raincover-Organiser/dp/B08YR63B9M/ref=sr_1_151?crid=2M096C61O4MLT&keywords=bags&qid=1685034855&sprefix=ba%2Caps%2C283&sr=8-151,"Lunar's 35 L Laptop Office/School/Travel/Business Backpack Water Proof - Fits Up to 15.6 Inch Laptop Notebook, With Raincover, Inside Organiser and 1 Year Warranty (All)",849,3.8 out of 5 stars,"1,085"
https://www.amazon.in/DZert-Girls-Polyester-White-Backpack/dp/B07H1BPCGQ/ref=sr_1_152?crid=2M096C61O4MLT&keywords=bags&qid=1685034855&sprefix=ba%2Caps%2C283&sr=8-152,DZert Clasy Laptop Bag College Bag for Boys Girls 21 L Nevy Blue,339,3.8 out of 5 stars,"2,401"
https://www.amazon.in/Storite-Leather-Sling-Bag-Brown/dp/B08TR8RMNH/ref=sr_1_153?crid=2M096C61O4MLT&keywords=bags&qid=1685034855&sprefix=ba%2Caps%2C283&sr=8-153,"Storite Stylish Multi-Pocket Small Sling Cross Body Travel Messenger One Side Shoulder Bag for Men & Women (Brown, 20.5x9x16.5cm)",798,4.0 out of 5 stars,864
https://www.amazon.in/Wildcraft-Turnaround-Polyester-Laptop-8903340000000/dp/B012D4QWES/ref=sr_1_154?crid=2M096C61O4MLT&keywords=bags&qid=1685034855&sprefix=ba%2Caps%2C283&sr=8-154,Wildcraft Turnaround Polyester 14 inch 27 Ltrs Blue Laptop Bag (8903340000000),"1,797",4.3 out of 5 stars,"3,289"
https://www.amazon.in/Polestar-Liters-Polyester-Casual-Backpack/dp/B09243WY6M/ref=sr_1_155?crid=2M096C61O4MLT&keywords=bags&qid=1685034855&sprefix=ba%2Caps%2C283&sr=8-155,"POLESTAR Enzo 15.6 inch 35 LTR Casual Laptop Backpack/Office Bag/School Bag/College Bag/Business Bag/Unisex Backpack, Water Resistant and Light Weight, 1 year Warranty",619,4.2 out of 5 stars,"3,870"
https://www.amazon.in/Okami-ZenPack-Minimal-Messenger-Briefcase/dp/B0BVZT69JN/ref=sr_1_156?crid=2M096C61O4MLT&keywords=bags&qid=1685034855&sprefix=ba%2Caps%2C283&sr=8-156,Okami ZenPack UNO Minimal Laptop Messenger Bag X Briefcase,"1,999",4.3 out of 5 stars,18
https://www.amazon.in/Mokobara-Backpack-litre-Brown-laptop/dp/B095PC3QPV/ref=sr_1_157?crid=2M096C61O4MLT&keywords=bags&qid=1685034855&sprefix=ba%2Caps%2C283&sr=8-157,"MOKOBARA Backpack 15.5"" Inch Laptop Backpack For Women (16 litres ) Improved (2022 - Model)","4,499",4.3 out of 5 stars,168
https://www.amazon.in/Priority-ARC-Red-Polyester-Trolley/dp/B08HHD4T6W/ref=sr_1_158?crid=2M096C61O4MLT&keywords=bags&qid=1685034855&sprefix=ba%2Caps%2C283&sr=8-158,Priority ARC 56 cm Red Polyester 2 Wheel Duffle Trolley Bag | Travel Luggage for Men & Women,421.,4.0 out of 5 stars,289
https://www.amazon.in/Bennett-15-6-inch-Repellent-Backpack-ben_cas_blue/dp/B09WZKB54G/ref=sr_1_159?crid=2M096C61O4MLT&keywords=bags&qid=1685034855&sprefix=ba%2Caps%2C283&sr=8-159,"Bennett 15.6 inch Laptop Bag Men/Women, 25 L Water Resistant School/College Backpack with Padded Laptop Compartment for Apple/Dell/Lenovo/Asus/Hp/Mi/MacBook/Ultrabook/Thinkpad/Ideapad (Blue)",512,3.9 out of 5 stars,573
https://www.amazon.in/Capriff-Liters-Collage-travell-Backpack/dp/B084T7X2HX/ref=sr_1_160?crid=2M096C61O4MLT&keywords=bags&qid=1685034855&sprefix=ba%2Caps%2C283&sr=8-160,CAPRIFF 32 L Casual Waterproof Laptop Bag/Backpack for Men Boys & Girls For Office School College Teens & Students with Rain Cover With adjustable Strap With 2 Compartment,499,3.8 out of 5 stars,"3,029"
https://www.amazon.in/sspa/click?ie=UTF8&spc=MToxMjUwMzMzMDg2NTAzMjk2OjE2ODUwMzQ4NTY6c3BfYXRmX25leHQ6MjAxMTAwODIyNDEyOTg6OjA6Og&url=%2FRed-Lemon-Ironlook-Briefcase-Anti-Theft%2Fdp%2FB09ZYMT7V1%2Fref%3Dsr_1_161_sspa%3Fcrid%3D2M096C61O4MLT%26keywords%3Dbags%26qid%3D1685034856%26sprefix%3Dba%252Caps%252C283%26sr%3D8-161-spons%26sp_csd%3Dd2lkZ2V0TmFtZT1zcF9hdGZfbmV4dA%26psc%3D1,Red Lemon Bange Hard Ironlook Briefcase Laptop Bag Anti-Theft Hard Shell Unisex Laptop Backpack with USB Charging Backpack for Men and Women,"4,990",4.4 out of 5 stars,80
https://www.amazon.in/sspa/click?ie=UTF8&spc=MToxMjUwMzMzMDg2NTAzMjk2OjE2ODUwMzQ4NTY6c3BfYXRmX25leHQ6MjAxMTY4ODIxODEwOTg6OjA6Og&url=%2FRed-Lemon-Unisex-adult-Waterproof-Charging%2Fdp%2FB09VGNTDRZ%2Fref%3Dsr_1_162_sspa%3Fcrid%3D2M096C61O4MLT%26keywords%3Dbags%26qid%3D1685034856%26sprefix%3Dba%252Caps%252C283%26sr%3D8-162-spons%26sp_csd%3Dd2lkZ2V0TmFtZT1zcF9hdGZfbmV4dA%26psc%3D1,Red Lemon Unisex-adult Bange Series Rhombus Shell Design Waterproof Sling Bag with USB Charging,"1,999",4.4 out of 5 stars,73
https://www.amazon.in/Priority-ARC-Blue-Duffle-Luggage/dp/B08FCQ4YTG/ref=sr_1_163?crid=2M096C61O4MLT&keywords=bags&qid=1685034856&sprefix=ba%2Caps%2C283&sr=8-163,Priority Polyester 29 Cms Travel Duffle(25637_Aqua),799,4.0 out of 5 stars,"7,835"
https://www.amazon.in/WILD-MODA-Womens-Shoulder-Turquoise/dp/B099PLT91X/ref=sr_1_164?crid=2M096C61O4MLT&keywords=bags&qid=1685034856&sprefix=ba%2Caps%2C283&sr=8-164,"WILD MODA Women's Shoulder Bag, Set of 1",849,4.2 out of 5 stars,"3,805"
https://www.amazon.in/DZert-Fabric-Multicolour-Spiderman-Printed/dp/B07BNS3KNX/ref=sr_1_165?crid=2M096C61O4MLT&keywords=bags&qid=1685034856&sprefix=ba%2Caps%2C283&sr=8-165,DZert Kids School Bag Soft Plush Backpacks Cartoon Boys Girls Baby (2-5 Years),239,3.8 out of 5 stars,"1,446"
https://www.amazon.in/Deal-Polyester-Backpack-Computer-Resistant/dp/B08RC39B71/ref=sr_1_166?crid=2M096C61O4MLT&keywords=bags&qid=1685034856&sprefix=ba%2Caps%2C283&sr=8-166,"The Deal Men's 15.6 Inch Polyester Casual Laptop Backpack, Travel Computer Bag Water Resistant College Work School Bag (Blue)",399,3.4 out of 5 stars,476
https://www.amazon.in/high-power-College-Backpacks-Traveling/dp/B0BKLVXZRX/ref=sr_1_167?crid=2M096C61O4MLT&keywords=bags&qid=1685034856&sprefix=ba%2Caps%2C283&sr=8-167,high power Laptop Bag College office school bags Backpacks for Boys Girls Stylish men and women Casual Traveling Light weight (Black) 30 LTR,625,3.3 out of 5 stars,27
https://www.amazon.in/Half-Moon-Waterproof-Backpack-Grey/dp/B09688CSCZ/ref=sr_1_168?crid=2M096C61O4MLT&keywords=bags&qid=1685034856&sprefix=ba%2Caps%2C283&sr=8-168,Half Moon 34 L Water Resistant 15.6 inch Laptop Bag/Backpack for Men Women Boys Girls/Office School College with Padded Laptop Compartment (Grey),599,3.9 out of 5 stars,"1,293"
https://www.amazon.in/POLESTAR-backpack-Backpack-College-Students/dp/B08X2KRL8B/ref=sr_1_169?crid=2M096C61O4MLT&keywords=bags&qid=1685034856&sprefix=ba%2Caps%2C283&sr=8-169,"POLESTAR Leader 34 L Bag for College, School, Office, Casual Multipurpose Backpack with 15.6"" Laptop Compartment, Water Resistant, Unisex Design, Stylish & Durable, 1 Year Warranty",599,4.1 out of 5 stars,"3,485"
https://www.amazon.in/DZert-Girls-Polyester-White-Backpack/dp/B07H1BPCGQ/ref=sr_1_170?crid=2M096C61O4MLT&keywords=bags&qid=1685034856&sprefix=ba%2Caps%2C283&sr=8-170,DZert Clasy Laptop Bag College Bag for Boys Girls 21 L Nevy Blue,339,3.8 out of 5 stars,"2,401"
https://www.amazon.in/sspa/click?ie=UTF8&spc=MToxMjUwMzMzMDg2NTAzMjk2OjE2ODUwMzQ4NTY6c3BfbXRmOjIwMTE3Nzk1ODc0NDk4OjowOjo&url=%2FMokobara-Backpack-Leather-Resistant-College%2Fdp%2FB09WVGDV1V%2Fref%3Dsr_1_171_sspa%3Fcrid%3D2M096C61O4MLT%26keywords%3Dbags%26qid%3D1685034856%26sprefix%3Dba%252Caps%252C283%26sr%3D8-171-spons%26sp_csd%3Dd2lkZ2V0TmFtZT1zcF9tdGY%26psc%3D1,"MOKOBARA Backpack 15.5"" Inch Laptop Backpack For Women (16 litres ) Improved (2022 - Model)","4,499",4.3 out of 5 stars,168
https://www.amazon.in/sspa/click?ie=UTF8&spc=MToxMjUwMzMzMDg2NTAzMjk2OjE2ODUwMzQ4NTY6c3BfbXRmOjIwMTI0MzExMDI0ODk4OjowOjo&url=%2Fuppercase-Backpack-2300EBP1-resistant-sustainable%2Fdp%2FB0BWNCV31F%2Fref%3Dsr_1_172_sspa%3Fcrid%3D2M096C61O4MLT%26keywords%3Dbags%26qid%3D1685034856%26sprefix%3Dba%252Caps%252C283%26sr%3D8-172-spons%26sp_csd%3Dd2lkZ2V0TmFtZT1zcF9tdGY%26psc%3D1,"uppercase Medium 17 Ltrs Vegan Leather (upto 14 inch) Laptop Backpack 2300EBP1 3x more water resistant sustainable bags with rain proof zippers for Men, Women, Boys and Girls, 750 Days warranty","1,600",4.1 out of 5 stars,440
https://www.amazon.in/DZert-Polyester-Black-White-Laptop/dp/B07H193V57/ref=sr_1_173?crid=2M096C61O4MLT&keywords=bags&qid=1685034856&sprefix=ba%2Caps%2C283&sr=8-173,DZert Clasy Laptop Bag College Bag for Boys Girls 21 L Black,339,3.8 out of 5 stars,"2,401"
https://www.amazon.in/BAG-CORNER-Travel-Clothing-Duffel/dp/B0B6VNJ3YG/ref=sr_1_174?crid=2M096C61O4MLT&keywords=bags&qid=1685034856&sprefix=ba%2Caps%2C283&sr=8-174,BAG CORNER Travel Woman and Clothing Duffel Bag (Ten),799,4.1 out of 5 stars,22
https://www.amazon.in/Motherly-Stylish-Babies-Diaper-Mothers/dp/B07DMKJJB4/ref=sr_1_175?crid=2M096C61O4MLT&keywords=bags&qid=1685034856&sprefix=ba%2Caps%2C283&sr=8-175,motherly Stylish Babies Diaper Bags for Mothers - Economical Version (Grey and Pink),"1,784",4.6 out of 5 stars,"5,694"
https://www.amazon.in/Foldable-Travel-Shoulder-Shopping-Luggage/dp/B07VCRL9H3/ref=sr_1_176?crid=2M096C61O4MLT&keywords=bags&qid=1685034856&sprefix=ba%2Caps%2C283&sr=8-176,"Foldable Travel Duffel Bag,Sport Totes,Shoulder Shopping Bag,Luggage Bag,2 Pack (Pink+Blue)",399,3.8 out of 5 stars,495
https://www.amazon.in/Motherly-Diaper-Bags-Travel-Basic/dp/B07PKQ3WJZ/ref=sr_1_177?crid=2M096C61O4MLT&keywords=bags&qid=1685034856&sprefix=ba%2Caps%2C283&sr=8-177,motherly Diaper Bags for Mom Travel Basic Edition (Navy Blue),"1,549",4.5 out of 5 stars,"2,480"
https://www.amazon.in/American-Tourister-FS0-11-001/dp/B07S13P8BW/ref=sr_1_178?crid=2M096C61O4MLT&keywords=bags&qid=1685034856&sprefix=ba%2Caps%2C283&sr=8-178,American Tourister Spin 49 cms Teal Laptop Backpack,"1,660",4.0 out of 5 stars,"1,457"
https://www.amazon.in/Wildcraft-Turnaround-Polyester-Laptop-8903340000000/dp/B012D4QWES/ref=sr_1_179?crid=2M096C61O4MLT&keywords=bags&qid=1685034856&sprefix=ba%2Caps%2C283&sr=8-179,Wildcraft Turnaround Polyester 14 inch 27 Ltrs Blue Laptop Bag (8903340000000),"1,797",4.3 out of 5 stars,"3,289"
https://www.amazon.in/Aristocrat-Rookie-Duffle-Teal-Blue/dp/B09NXV58V3/ref=sr_1_180?crid=2M096C61O4MLT&keywords=bags&qid=1685034856&sprefix=ba%2Caps%2C283&sr=8-180,Aristocrat Polyester Hard 60 Cms Luggage- Suitcase(Dfroo62Etbl_Teal Blue),999,4.0 out of 5 stars,562
https://www.amazon.in/sspa/click?ie=UTF8&spc=MToxMjUwMzMzMDg2NTAzMjk2OjE2ODUwMzQ4NTY6c3BfYnRmOjIwMTEwMTgxNTEwOTk4OjowOjo&url=%2FMokobara-Backpack-Leather-Resistant-Laptop%2Fdp%2FB0B7X81X69%2Fref%3Dsr_1_181_sspa%3Fcrid%3D2M096C61O4MLT%26keywords%3Dbags%26qid%3D1685034856%26sprefix%3Dba%252Caps%252C283%26sr%3D8-181-spons%26sp_csd%3Dd2lkZ2V0TmFtZT1zcF9idGY%26psc%3D1,"MOKOBARA The Work Backpack 15.6"" Inch Laptop | Travel Backpack For Men And Women","7,499",4.5 out of 5 stars,51
https://www.amazon.in/sspa/click?ie=UTF8&spc=MToxMjUwMzMzMDg2NTAzMjk2OjE2ODUwMzQ4NTY6c3BfYnRmOjIwMDkyNTI1OTc5Njk4OjowOjo&url=%2FNumber-Backpack-Compartment-Charging-Organizer%2Fdp%2FB09VTCNN75%2Fref%3Dsr_1_182_sspa%3Fcrid%3D2M096C61O4MLT%26keywords%3Dbags%26qid%3D1685034856%26sprefix%3Dba%252Caps%252C283%26sr%3D8-182-spons%26sp_csd%3Dd2lkZ2V0TmFtZT1zcF9idGY%26psc%3D1,"FUR JADEN Anti Theft Number Lock Backpack Bag with 15.6 Inch Laptop Compartment, USB Charging Port & Organizer Pocket for Men Women Boys Girls",699,4.0 out of 5 stars,"4,022"
https://www.amazon.in/sspa/click?ie=UTF8&spc=MTo3ODk2NjcyMTAxMzc1NzA0OjE2ODUwMzQ4NTc6c3BfYXRmX25leHQ6MjAxMTAxODE1MTExOTg6OjA6Og&url=%2FMOKOBARA-TSBPK12CND22001-Backpack-Modern-Love%2Fdp%2FB08T1769X9%2Fref%3Dsr_1_177_sspa%3Fcrid%3D2M096C61O4MLT%26keywords%3Dbags%26qid%3D1685034857%26sprefix%3Dba%252Caps%252C283%26sr%3D8-177-spons%26sp_csd%3Dd2lkZ2V0TmFtZT1zcF9hdGZfbmV4dA%26psc%3D1,"MOKOBARA Backpack 15.5"" Inch Laptop Backpack For Women (16 litres ) Improved (2022 - Model)","4,499",4.3 out of 5 stars,168
https://www.amazon.in/sspa/click?ie=UTF8&spc=MTo3ODk2NjcyMTAxMzc1NzA0OjE2ODUwMzQ4NTc6c3BfYXRmX25leHQ6MjAxMTY4ODIxODEwOTg6OjA6Og&url=%2FRed-Lemon-Unisex-adult-Waterproof-Charging%2Fdp%2FB09VGNTDRZ%2Fref%3Dsr_1_178_sspa%3Fcrid%3D2M096C61O4MLT%26keywords%3Dbags%26qid%3D1685034857%26sprefix%3Dba%252Caps%252C283%26sr%3D8-178-spons%26sp_csd%3Dd2lkZ2V0TmFtZT1zcF9hdGZfbmV4dA%26psc%3D1,Red Lemon Unisex-adult Bange Series Rhombus Shell Design Waterproof Sling Bag with USB Charging,"1,999",4.4 out of 5 stars,73
https://www.amazon.in/Tabelito%C2%AE-Resistant-Business-Backpack-Notebook/dp/B0BSQRX838/ref=sr_1_179?crid=2M096C61O4MLT&keywords=bags&qid=1685034857&sprefix=ba%2Caps%2C283&sr=8-179,"Tabelito® HEXA 35 L Water Resistant Laptop/College/Office/School/Travel/Business Bag, Unisex Backpack for Men Women Fits Up to 15.6 Inch Laptop Notebook",599,4.9 out of 5 stars,148
https://www.amazon.in/Genie-Flamenco2-Backpack-Compatible-Resistant/dp/B08YF1XJXY/ref=sr_1_180?crid=2M096C61O4MLT&keywords=bags&qid=1685034857&sprefix=ba%2Caps%2C283&sr=8-180,"Genie Flamenco Laptop Backpack for Women, 16 inches Office Bag, Sky Blue Stylish and Trendy Bag for Office and College",799,4.4 out of 5 stars,"2,993"
https://www.amazon.in/Amazon-Brand-Solimo-Backpack-litres/dp/B07FQMN9VN/ref=sr_1_181?crid=2M096C61O4MLT&keywords=bags&qid=1685034857&sprefix=ba%2Caps%2C283&sr=8-181,"Amazon Brand - Solimo Rain & Dust Cover for Backpack (30 Litres, Black)",209,4.2 out of 5 stars,"8,468"
https://www.amazon.in/Lino-Perros-yellow-shoulder-WHITE/dp/B09MRY9BQ7/ref=sr_1_182?crid=2M096C61O4MLT&keywords=bags&qid=1685034857&sprefix=ba%2Caps%2C283&sr=8-182,Lino Perros Women Shoulder Bag,978,4.2 out of 5 stars,334
https://www.amazon.in/Gear-Colorado-Navy-Laptop-Backpack/dp/B097K6SPH7/ref=sr_1_183?crid=2M096C61O4MLT&keywords=bags&qid=1685034857&sprefix=ba%2Caps%2C283&sr=8-183,F Gear Colorado Navy Lmn yelw 39 Ltrs Laptop Backpack (3813),999,4.2 out of 5 stars,100
https://www.amazon.in/ASIAN-Sling-Bag-women-Handmade/dp/B09SXRZ7FW/ref=sr_1_184?crid=2M096C61O4MLT&keywords=bags&qid=1685034857&sprefix=ba%2Caps%2C283&sr=8-184,ASIAN Sling Bag for Women - Handmade Bags for Females - Jute and Indian Fabric Slings - Side Bags for Mobile Phones and Wallets (Black),224,3.6 out of 5 stars,86
https://www.amazon.in/Fur-Jaden-resistant-Backpack-BM100_Brown/dp/B07P5X6NSN/ref=sr_1_185?crid=2M096C61O4MLT&keywords=bags&qid=1685034857&sprefix=ba%2Caps%2C283&sr=8-185,FUR JADEN Vegan Leather 30L 15.6 Inch Laptop Backpack for Men Women for Office Professionals and College Students,899,4.2 out of 5 stars,"2,291"
https://www.amazon.in/TRUE-Anti-Theft-backpack-charging-Epower_B/dp/B0BYBDX8VP/ref=sr_1_186?crid=2M096C61O4MLT&keywords=bags&qid=1685034857&sprefix=ba%2Caps%2C283&sr=8-186,"TRUE HUMAN® Emperor Anti-Theft Pocket backpack With USB charging Port Laptop,office,college,travel bag for men and women(Epower)",649,3.3 out of 5 stars,15
https://www.amazon.in/sspa/click?ie=UTF8&spc=MTo3ODk2NjcyMTAxMzc1NzA0OjE2ODUwMzQ4NTc6c3BfbXRmOjIwMTEwMDgyMjQxMjk4OjowOjo&url=%2FRed-Lemon-Ironlook-Briefcase-Anti-Theft%2Fdp%2FB09ZYMT7V1%2Fref%3Dsr_1_187_sspa%3Fcrid%3D2M096C61O4MLT%26keywords%3Dbags%26qid%3D1685034857%26sprefix%3Dba%252Caps%252C283%26sr%3D8-187-spons%26sp_csd%3Dd2lkZ2V0TmFtZT1zcF9tdGY%26psc%3D1,Red Lemon Bange Hard Ironlook Briefcase Laptop Bag Anti-Theft Hard Shell Unisex Laptop Backpack with USB Charging Backpack for Men and Women,"4,990",4.4 out of 5 stars,80
https://www.amazon.in/sspa/click?ie=UTF8&spc=MTo3ODk2NjcyMTAxMzc1NzA0OjE2ODUwMzQ4NTc6c3BfbXRmOjIwMTI0MzExMDI0ODk4OjowOjo&url=%2Fuppercase-Backpack-2300EBP1-resistant-sustainable%2Fdp%2FB0BWNCV31F%2Fref%3Dsr_1_188_sspa%3Fcrid%3D2M096C61O4MLT%26keywords%3Dbags%26qid%3D1685034857%26sprefix%3Dba%252Caps%252C283%26sr%3D8-188-spons%26sp_csd%3Dd2lkZ2V0TmFtZT1zcF9tdGY%26psc%3D1,"uppercase Medium 17 Ltrs Vegan Leather (upto 14 inch) Laptop Backpack 2300EBP1 3x more water resistant sustainable bags with rain proof zippers for Men, Women, Boys and Girls, 750 Days warranty","1,600",4.1 out of 5 stars,440
https://www.amazon.in/Storite-Travel-Bag-Lightweight-Waterproof/dp/B0B24Z8KBV/ref=sr_1_189?crid=2M096C61O4MLT&keywords=bags&qid=1685034857&sprefix=ba%2Caps%2C283&sr=8-189,"Storite Nylon 40 Cm Imported Travel Duffle Bag, Expandable Folding Travel Bag for Women, Lightweight Waterproof Carry Weekender Overnight Luggage Bag for Travel (Pink, 40 x 23 x 45 Cm)",998,4.1 out of 5 stars,653
https://www.amazon.in/Purple-Tree-Fatty-Handbag-Womens/dp/B09PQNK66Z/ref=sr_1_190?crid=2M096C61O4MLT&keywords=bags&qid=1685034857&sprefix=ba%2Caps%2C283&sr=8-190,"The Purple Tree Fatty Tote Bag For Women, Women Fatty Tote Bag, Handbag, Women Handbag, Women Bag, Handbag for Women, Women's Tote, Gift For Women A",599,4.1 out of 5 stars,373
https://www.amazon.in/ASTRID-Black-Textured-Laptop-Accessory/dp/B09Z2G37YY/ref=sr_1_191?crid=2M096C61O4MLT&keywords=bags&qid=1685034857&sprefix=ba%2Caps%2C283&sr=8-191,ASTRID Women's 17'' Black and White Textured Laptop Bag With Accessory Pouch,999,4.1 out of 5 stars,113
https://www.amazon.in/Cosmus-Casual-Backpack-Charger-College/dp/B08D7D21FV/ref=sr_1_193?crid=2M096C61O4MLT&keywords=bags&qid=1685034857&sprefix=ba%2Caps%2C283&sr=8-193,Cosmus Vogue Casual Laptop Backpack with USB Charger Port 44cm 26 Litre Grey College Bag,"1,358",4.2 out of 5 stars,"1,390"
https://www.amazon.in/Martucci-Waterproof-Backpack-College-Business/dp/B0BRJRVH6D/ref=sr_1_194?crid=2M096C61O4MLT&keywords=bags&qid=1685034857&sprefix=ba%2Caps%2C283&sr=8-194,Martucci Jersey 45L Casual Waterproof Laptop Backpack/Office Bag/School Bag/College Bag/Business Bag/Unisex Travel Backpack,809,3.7 out of 5 stars,47
https://www.amazon.in/Wooum-Resistant-Material-Messenger-Compartment/dp/B09KV7Y3KL/ref=sr_1_195?crid=2M096C61O4MLT&keywords=bags&qid=1685034857&sprefix=ba%2Caps%2C283&sr=8-195,Wooum Water Resistant Material Sling Bag/One Side Bag/Shoulder Bag/Messenger Bag/Office Messenger Bag/Travel Side Bag with 14.1 Inch Laptop Compartment -,474,4.0 out of 5 stars,261
https://www.amazon.in/Fostelo-CATLIN-Womens-Handbag-Maroon/dp/B079MD5F7R/ref=sr_1_196?crid=2M096C61O4MLT&keywords=bags&qid=1685034857&sprefix=ba%2Caps%2C283&sr=8-196,Fostelo Handbag For Women And Girls | Ladies Purse Faux Leather Satchel Bag | Wedding Gifts For Women | Women 3 Compartments Bag | Travel Purse Hobo Bag | 5 Pockets Shoulder Bag,669,4.1 out of 5 stars,"9,303"
https://www.amazon.in/sspa/click?ie=UTF8&spc=MTo3ODk2NjcyMTAxMzc1NzA0OjE2ODUwMzQ4NTc6c3BfYnRmOjIwMTEwMTgxNTEwOTk4OjowOjo&url=%2FMokobara-Backpack-Leather-Resistant-Laptop%2Fdp%2FB0B7X81X69%2Fref%3Dsr_1_197_sspa%3Fcrid%3D2M096C61O4MLT%26keywords%3Dbags%26qid%3D1685034857%26sprefix%3Dba%252Caps%252C283%26sr%3D8-197-spons%26sp_csd%3Dd2lkZ2V0TmFtZT1zcF9idGY%26psc%3D1,"MOKOBARA The Work Backpack 15.6"" Inch Laptop | Travel Backpack For Men And Women","7,499",4.5 out of 5 stars,51
https://www.amazon.in/sspa/click?ie=UTF8&spc=MTo3ODk2NjcyMTAxMzc1NzA0OjE2ODUwMzQ4NTc6c3BfYnRmOjIwMDkyNTI1OTc5Njk4OjowOjo&url=%2FNumber-Backpack-Compartment-Charging-Organizer%2Fdp%2FB09VTCNN75%2Fref%3Dsr_1_198_sspa%3Fcrid%3D2M096C61O4MLT%26keywords%3Dbags%26qid%3D1685034857%26sprefix%3Dba%252Caps%252C283%26sr%3D8-198-spons%26sp_csd%3Dd2lkZ2V0TmFtZT1zcF9idGY%26psc%3D1,"FUR JADEN Anti Theft Number Lock Backpack Bag with 15.6 Inch Laptop Compartment, USB Charging Port & Organizer Pocket for Men Women Boys Girls",699,4.0 out of 5 stars,"4,022"
https://www.amazon.in/sspa/click?ie=UTF8&spc=MTo4NzMxOTUxOTg4ODAyMTM1OjE2ODUwMzQ4NTk6c3BfYXRmX25leHQ6MjAxMjQzMTEwMjQ4OTg6OjA6Og&url=%2Fuppercase-Backpack-2300EBP1-resistant-sustainable%2Fdp%2FB0BWNCV31F%2Fref%3Dsr_1_193_sspa%3Fcrid%3D2M096C61O4MLT%26keywords%3Dbags%26qid%3D1685034859%26sprefix%3Dba%252Caps%252C283%26sr%3D8-193-spons%26sp_csd%3Dd2lkZ2V0TmFtZT1zcF9hdGZfbmV4dA%26psc%3D1,"uppercase Medium 17 Ltrs Vegan Leather (upto 14 inch) Laptop Backpack 2300EBP1 3x more water resistant sustainable bags with rain proof zippers for Men, Women, Boys and Girls, 750 Days warranty","1,600",4.1 out of 5 stars,440
https://www.amazon.in/sspa/click?ie=UTF8&spc=MTo4NzMxOTUxOTg4ODAyMTM1OjE2ODUwMzQ4NTk6c3BfYXRmX25leHQ6MjAxMTAxODE1MTExOTg6OjA6Og&url=%2FMOKOBARA-TSBPK12CND22001-Backpack-Modern-Love%2Fdp%2FB08T1769X9%2Fref%3Dsr_1_194_sspa%3Fcrid%3D2M096C61O4MLT%26keywords%3Dbags%26qid%3D1685034859%26sprefix%3Dba%252Caps%252C283%26sr%3D8-194-spons%26sp_csd%3Dd2lkZ2V0TmFtZT1zcF9hdGZfbmV4dA%26psc%3D1,"MOKOBARA Backpack 15.5"" Inch Laptop Backpack For Women (16 litres ) Improved (2022 - Model)","4,499",4.3 out of 5 stars,168
https://www.amazon.in/ASTRID-Black-Textured-Laptop-Accessory/dp/B09Z2G37YY/ref=sr_1_195?crid=2M096C61O4MLT&keywords=bags&qid=1685034859&sprefix=ba%2Caps%2C283&sr=8-195,ASTRID Women's 17'' Black and White Textured Laptop Bag With Accessory Pouch,999,4.1 out of 5 stars,113
https://www.amazon.in/Martucci-Waterproof-Backpack-College-Business/dp/B0BRJRVH6D/ref=sr_1_196?crid=2M096C61O4MLT&keywords=bags&qid=1685034859&sprefix=ba%2Caps%2C283&sr=8-196,Martucci Jersey 45L Casual Waterproof Laptop Backpack/Office Bag/School Bag/College Bag/Business Bag/Unisex Travel Backpack,809,3.7 out of 5 stars,47
https://www.amazon.in/Amazon-Basics-Casual-Backpack-15-6-inch/dp/B09W4WJ1CB/ref=sr_1_197?crid=2M096C61O4MLT&keywords=bags&qid=1685034859&sprefix=ba%2Caps%2C283&sr=8-197,Amazon Basics 20 ltrs Casual/Travel/College Backpack for 15.6-inch Laptop | Water Resistant Fabric,459,4.2 out of 5 stars,533
https://www.amazon.in/Fostelo-CATLIN-Womens-Handbag-Maroon/dp/B079MD5F7R/ref=sr_1_198?crid=2M096C61O4MLT&keywords=bags&qid=1685034859&sprefix=ba%2Caps%2C283&sr=8-198,Fostelo Handbag For Women And Girls | Ladies Purse Faux Leather Satchel Bag | Wedding Gifts For Women | Women 3 Compartments Bag | Travel Purse Hobo Bag | 5 Pockets Shoulder Bag,669,4.1 out of 5 stars,"9,303"
https://www.amazon.in/uppercase-Backpack-2300EBP1-repellent-sustainable/dp/B0B69M182Q/ref=sr_1_199?crid=2M096C61O4MLT&keywords=bags&qid=1685034859&sprefix=ba%2Caps%2C283&sr=8-199,"uppercase Medium 17 Ltrs Vegan Leather (upto 14 inch) Laptop Backpack 2300EBP1 3x more water resistant sustainable bags with rain proof zippers for Men, Women, Boys and Girls, 750 Days warranty","1,600",4.1 out of 5 stars,440
https://www.amazon.in/PLAYY-BAGS-Backpack-College-Students/dp/B099N8JRVJ/ref=sr_1_200?crid=2M096C61O4MLT&keywords=bags&qid=1685034859&sprefix=ba%2Caps%2C283&sr=8-200,PLAYY BAGS Large 35 L Laptop Bag/Backpack for Men Women Boys Girls Office School College Teens & Students Navy Blue,599,3.4 out of 5 stars,123
https://www.amazon.in/DAHSHA-Multipurpose-Travel-Duffel-13X7x11-inch/dp/B07GCLJTZF/ref=sr_1_201?crid=2M096C61O4MLT&keywords=bags&qid=1685034859&sprefix=ba%2Caps%2C283&sr=8-201,DAHSHA Stylish Nylon Sling Cross Body Travel Bag for Business Office Messenger One Side Shoulder Carry Handbag Bag For Men & Women (35X18x25 CM-grey),694,3.9 out of 5 stars,392
https://www.amazon.in/Urban-Tribe-Laptop-Backpack-Havana/dp/B01LXNNFDF/ref=sr_1_202?crid=2M096C61O4MLT&keywords=bags&qid=1685034859&sprefix=ba%2Caps%2C283&sr=8-202,"URBAN TRIBE Havana Backpack for Men & Women | Laptop Bag 15.6 inch | Office Work/Casual/College Bag | Black, 27L",858,3.9 out of 5 stars,754
https://www.amazon.in/sspa/click?ie=UTF8&spc=MTo4NzMxOTUxOTg4ODAyMTM1OjE2ODUwMzQ4NTk6c3BfbXRmOjIwMTE2ODgyMTgxMDk4OjowOjo&url=%2FRed-Lemon-Unisex-adult-Waterproof-Charging%2Fdp%2FB09VGNTDRZ%2Fref%3Dsr_1_203_sspa%3Fcrid%3D2M096C61O4MLT%26keywords%3Dbags%26qid%3D1685034859%26sprefix%3Dba%252Caps%252C283%26sr%3D8-203-spons%26sp_csd%3Dd2lkZ2V0TmFtZT1zcF9tdGY%26psc%3D1,Red Lemon Unisex-adult Bange Series Rhombus Shell Design Waterproof Sling Bag with USB Charging,"1,999",4.4 out of 5 stars,73
https://www.amazon.in/sspa/click?ie=UTF8&spc=MTo4NzMxOTUxOTg4ODAyMTM1OjE2ODUwMzQ4NTk6c3BfbXRmOjIwMTEwMDgyMjQxMjk4OjowOjo&url=%2FRed-Lemon-Ironlook-Briefcase-Anti-Theft%2Fdp%2FB09ZYMT7V1%2Fref%3Dsr_1_204_sspa%3Fcrid%3D2M096C61O4MLT%26keywords%3Dbags%26qid%3D1685034859%26sprefix%3Dba%252Caps%252C283%26sr%3D8-204-spons%26sp_csd%3Dd2lkZ2V0TmFtZT1zcF9tdGY%26psc%3D1,Red Lemon Bange Hard Ironlook Briefcase Laptop Bag Anti-Theft Hard Shell Unisex Laptop Backpack with USB Charging Backpack for Men and Women,"4,990",4.4 out of 5 stars,80
https://www.amazon.in/Priority-ARC-Blue-Duffle-Luggage/dp/B08FCQ4YTG/ref=sr_1_205?crid=2M096C61O4MLT&keywords=bags&qid=1685034859&sprefix=ba%2Caps%2C283&sr=8-205,Priority Polyester 29 Cms Travel Duffle(25637_Aqua),799,4.0 out of 5 stars,"7,835"
https://www.amazon.in/Storage-Disposable-Freezer-Feeding-Transparent/dp/B099ZZ57FT/ref=sr_1_206?crid=2M096C61O4MLT&keywords=bags&qid=1685034859&sprefix=ba%2Caps%2C283&sr=8-206,"Luv Lap LuvLap Baby Breast Milk Storage Bags (Pack of 25), BPA Free Disposable Milk Freezer Bags for Breast Feeding, Transparent",319,4.4 out of 5 stars,640
https://www.amazon.in/AmazonBasics-Casual-Backpack-Office-15-6-inch/dp/B09W4VMZ79/ref=sr_1_207?crid=2M096C61O4MLT&keywords=bags&qid=1685034859&sprefix=ba%2Caps%2C283&sr=8-207,AmazonBasics - Casual Backpack/Office Bag/ for a 15.6-inch Laptop,699,4.2 out of 5 stars,533
https://www.amazon.in/POLICE-Stylish-Premium-Quality-Backpack/dp/B084Q4N84P/ref=sr_1_208?crid=2M096C61O4MLT&keywords=bags&qid=1685034859&sprefix=ba%2Caps%2C283&sr=8-208,POLICE Walt Laptop Backpack Business Office College Travel Bags for Men Fits Up to 15 inch Laptop Notebook - Black,"1,689",4.1 out of 5 stars,647
https://www.amazon.in/WildHorn-Leather-Messenger-MB205-Hunter/dp/B0795WK59N/ref=sr_1_209?crid=2M096C61O4MLT&keywords=bags&qid=1685034859&sprefix=ba%2Caps%2C283&sr=8-209,WildHorn® Leather 8.5 inch Sling Messenger Bag for Men I Multipurpose Crossbody Bag I Travel Bag with Adjustable Strap I DIMENSION: L- 8.5inch H- 10.5inch W- 3inch,"1,919",4.1 out of 5 stars,747
https://www.amazon.in/PUMA-Gym-Bag-IND-Fig-CASTLEROCK/dp/B089T98TKG/ref=sr_1_210?crid=2M096C61O4MLT&keywords=bags&qid=1685034859&sprefix=ba%2Caps%2C283&sr=8-210,Puma Unisex Gym Bag IND,619,4.0 out of 5 stars,443
https://www.amazon.in/ADISA-Laptop-Backpack-Office-College/dp/B0BVRJYD9Q/ref=sr_1_211?crid=2M096C61O4MLT&keywords=bags&qid=1685034859&sprefix=ba%2Caps%2C283&sr=8-211,ADISA 32L Large Laptop Backpack Office Bag College Travel Back Pack with rain Cover (Navy),599,4.0 out of 5 stars,22
https://www.amazon.in/Deal-Polyester-Backpack-Computer-Resistant/dp/B08RC39B71/ref=sr_1_212?crid=2M096C61O4MLT&keywords=bags&qid=1685034859&sprefix=ba%2Caps%2C283&sr=8-212,"The Deal Men's 15.6 Inch Polyester Casual Laptop Backpack, Travel Computer Bag Water Resistant College Work School Bag (Blue)",399,3.4 out of 5 stars,476
https://www.amazon.in/sspa/click?ie=UTF8&spc=MTo4NzMxOTUxOTg4ODAyMTM1OjE2ODUwMzQ4NTk6c3BfYnRmOjIwMDYzNzg0NDU4Mjk4OjowOjo&url=%2Fuppercase-Backpack-1600EBP1-repellent-sustainable%2Fdp%2FB0B5N9TY9C%2Fref%3Dsr_1_213_sspa%3Fcrid%3D2M096C61O4MLT%26keywords%3Dbags%26qid%3D1685034859%26sprefix%3Dba%252Caps%252C283%26sr%3D8-213-spons%26sp_csd%3Dd2lkZ2V0TmFtZT1zcF9idGY%26psc%3D1,"uppercase Laptop Backpack 1600EBP Compact 3x more water repellent sustainable bags with rain proof zippers for Men, Women, Boys and Girls, 750 Days warranty","1,100",4.2 out of 5 stars,198
https://www.amazon.in/sspa/click?ie=UTF8&spc=MTo4NzMxOTUxOTg4ODAyMTM1OjE2ODUwMzQ4NTk6c3BfYnRmOjIwMTEzNzg4MTc0OTk4OjowOjo&url=%2FHEROZ-Hammer-Backpack-Resistant-Durable%2Fdp%2FB07M82M8G7%2Fref%3Dsr_1_214_sspa%3Fcrid%3D2M096C61O4MLT%26keywords%3Dbags%26qid%3D1685034859%26sprefix%3Dba%252Caps%252C283%26sr%3D8-214-spons%26sp_csd%3Dd2lkZ2V0TmFtZT1zcF9idGY%26psc%3D1%26smid%3DAGHKR430JFM4U,HEROZ Hammer Unisex Nylon 45 L Travel Laptop Backpack Water Resistant Slim Durable Fits Up to 17.3 Inch Laptop Notebook (All) (Grey & A. Blue 1000),"1,499",4.3 out of 5 stars,"7,877"
https://www.amazon.in/sspa/click?ie=UTF8&spc=MTo0MzcyMDA4NDIzMDA3MDk4OjE2ODUwMzQ4NjA6c3BfYXRmX25leHQ6MjAxMjQzMTEwMjQ4OTg6OjA6Og&url=%2Fuppercase-Backpack-2300EBP1-resistant-sustainable%2Fdp%2FB0BWNCV31F%2Fref%3Dsr_1_225_sspa%3Fcrid%3D2M096C61O4MLT%26keywords%3Dbags%26qid%3D1685034860%26sprefix%3Dba%252Caps%252C283%26sr%3D8-225-spons%26sp_csd%3Dd2lkZ2V0TmFtZT1zcF9hdGZfbmV4dA%26psc%3D1,"uppercase Medium 17 Ltrs Vegan Leather (upto 14 inch) Laptop Backpack 2300EBP1 3x more water resistant sustainable bags with rain proof zippers for Men, Women, Boys and Girls, 750 Days warranty","1,600",4.1 out of 5 stars,440
https://www.amazon.in/sspa/click?ie=UTF8&spc=MTo0MzcyMDA4NDIzMDA3MDk4OjE2ODUwMzQ4NjA6c3BfYXRmX25leHQ6MjAxMTY4ODIxODEwOTg6OjA6Og&url=%2FRed-Lemon-Unisex-adult-Waterproof-Charging%2Fdp%2FB09VGNTDRZ%2Fref%3Dsr_1_226_sspa%3Fcrid%3D2M096C61O4MLT%26keywords%3Dbags%26qid%3D1685034860%26sprefix%3Dba%252Caps%252C283%26sr%3D8-226-spons%26sp_csd%3Dd2lkZ2V0TmFtZT1zcF9hdGZfbmV4dA%26psc%3D1,Red Lemon Unisex-adult Bange Series Rhombus Shell Design Waterproof Sling Bag with USB Charging,"1,999",4.4 out of 5 stars,73
https://www.amazon.in/Protecta-Professional-15-6-inch-Briefcase-Geometric/dp/B07GNCRCP4/ref=sr_1_227?crid=2M096C61O4MLT&keywords=bags&qid=1685034860&sprefix=ba%2Caps%2C283&sr=8-227,Protecta The Professional Laptop Bag Briefcase for Laptops with Screen Size Up to 15.6 Inch (Black & Indian Geometric Print),669,4.4 out of 5 stars,"1,443"
https://www.amazon.in/Martucci-Backpack-College-Reflective-Airport/dp/B0B7DVC3TL/ref=sr_1_228?crid=2M096C61O4MLT&keywords=bags&qid=1685034860&sprefix=ba%2Caps%2C283&sr=8-228,Martucci Large 35 L Backpack Spacy Unisex/College/School/Travel Backpack with Rain Cover and Reflective Strip,765,4.0 out of 5 stars,"1,138"
https://www.amazon.in/Veneer-Backpack-Fashion-Leather-College/dp/B09BMG8R6Y/ref=sr_1_229?crid=2M096C61O4MLT&keywords=bags&qid=1685034860&sprefix=ba%2Caps%2C283&sr=8-229,"Veneer Medium 20 L Laptop Backpack Men Womens Girls Fashion PU Leather Mini Casual Backpack Bags for School, College, Tuition, Office Bag",899,4.2 out of 5 stars,898
https://www.amazon.in/F-Gear-Milestone-Casual-Laptop-Backpack/dp/B08FX1R6WY/ref=sr_1_230?crid=2M096C61O4MLT&keywords=bags&qid=1685034860&sprefix=ba%2Caps%2C283&sr=8-230,F Gear Milestone Olive Casual 20 Ltrs Laptop Backpack (3376),"1,155",4.0 out of 5 stars,745
https://www.amazon.in/Gear-Polyester-Laptop-Backpack-LBPECONO10412/dp/B012NW0J30/ref=sr_1_231?crid=2M096C61O4MLT&keywords=bags&qid=1685034860&sprefix=ba%2Caps%2C283&sr=8-231,Gear ECO1 24L Water Resistant Laptop Bag/Backpack/Office Bag for Men/Women- Grey-Black-Yellow,852,4.2 out of 5 stars,"1,443"
https://www.amazon.in/BAG-CORNER-Travel-Clothing-Duffel/dp/B0B6VNJ3YG/ref=sr_1_232?crid=2M096C61O4MLT&keywords=bags&qid=1685034860&sprefix=ba%2Caps%2C283&sr=8-232,BAG CORNER Travel Woman and Clothing Duffel Bag (Ten),799,4.1 out of 5 stars,22
https://www.amazon.in/high-power-College-Backpacks-Traveling/dp/B0BKLVXZRX/ref=sr_1_233?crid=2M096C61O4MLT&keywords=bags&qid=1685034860&sprefix=ba%2Caps%2C283&sr=8-233,high power Laptop Bag College office school bags Backpacks for Boys Girls Stylish men and women Casual Traveling Light weight (Black) 30 LTR,625,3.3 out of 5 stars,27
https://www.amazon.in/Dyazo-Laptop-Briefcase-Compatible-Ultrabook/dp/B08W68TB6K/ref=sr_1_234?crid=2M096C61O4MLT&keywords=bags&qid=1685034860&sprefix=ba%2Caps%2C283&sr=8-234,"Dyazo Unisex Sleek Light Laptop Notebook Shoulder Briefcase Bag for 11 Inch to 15.6 Inches Laptops Compatible for MacBook, Ultrabook, Dell, Lenovo, Compaq, Hp Computers and Other Laptops (Blue)",599,3.8 out of 5 stars,654
https://www.amazon.in/sspa/click?ie=UTF8&spc=MTo0MzcyMDA4NDIzMDA3MDk4OjE2ODUwMzQ4NjA6c3BfbXRmOjIwMTEwMDgyMjQxMjk4OjowOjo&url=%2FRed-Lemon-Ironlook-Briefcase-Anti-Theft%2Fdp%2FB09ZYMT7V1%2Fref%3Dsr_1_235_sspa%3Fcrid%3D2M096C61O4MLT%26keywords%3Dbags%26qid%3D1685034860%26sprefix%3Dba%252Caps%252C283%26sr%3D8-235-spons%26sp_csd%3Dd2lkZ2V0TmFtZT1zcF9tdGY%26psc%3D1,Red Lemon Bange Hard Ironlook Briefcase Laptop Bag Anti-Theft Hard Shell Unisex Laptop Backpack with USB Charging Backpack for Men and Women,"4,990",4.4 out of 5 stars,80
https://www.amazon.in/sspa/click?ie=UTF8&spc=MTo0MzcyMDA4NDIzMDA3MDk4OjE2ODUwMzQ4NjA6c3BfbXRmOjIwMTUxODYwODMzNDk4OjowOjo&url=%2FKenneth-Cole-Reaction-Polyester-Backpack%2Fdp%2FB07GX3PWNK%2Fref%3Dsr_1_236_sspa%3Fcrid%3D2M096C61O4MLT%26keywords%3Dbags%26qid%3D1685034860%26sprefix%3Dba%252Caps%252C283%26sr%3D8-236-spons%26sp_csd%3Dd2lkZ2V0TmFtZT1zcF9tdGY%26psc%3D1,"Kenneth Cole Reaction Women's Chevron Quilted Polyester Twill 15.6"" Laptop Backpack, Midnight Black, One Size","3,275",4.8 out of 5 stars,237
https://www.amazon.in/COSMUS-Polyester-Navy-Laptop-Backpack/dp/B01FVQLLU0/ref=sr_1_237?crid=2M096C61O4MLT&keywords=bags&qid=1685034860&sprefix=ba%2Caps%2C283&sr=8-237,COSMUS Darwin Navy Blue Laptop Backpack for (15.6 inch),"1,333",4.3 out of 5 stars,"9,976"
https://www.amazon.in/Aristocrat-Zeal-Unisex-Grey-Laptop/dp/B0B5YHC1W5/ref=sr_1_238?crid=2M096C61O4MLT&keywords=bags&qid=1685034860&sprefix=ba%2Caps%2C283&sr=8-238,Aristrocrat Unisex Laptop Bag Grey,799,4.4 out of 5 stars,24
https://www.amazon.in/Martucci-Waterproof-Backpack-College-Business/dp/B0BRJRVH6D/ref=sr_1_239?crid=2M096C61O4MLT&keywords=bags&qid=1685034860&sprefix=ba%2Caps%2C283&sr=8-239,Martucci Jersey 45L Casual Waterproof Laptop Backpack/Office Bag/School Bag/College Bag/Business Bag/Unisex Travel Backpack,809,3.7 out of 5 stars,47
https://www.amazon.in/Messenger-Water-resistant-Briefcase-Multiple-Men-Black/dp/B0B6G58BYC/ref=sr_1_240?crid=2M096C61O4MLT&keywords=bags&qid=1685034860&sprefix=ba%2Caps%2C283&sr=8-240,"ah arctic hunter Laptop Bag,Messenger Bags For Men And Women Laptop Sling Bag With Handle Water-resistant Laptop Briefcase For 15.6 Inch Laptop Multiple Pockets Travel Office For Men.Black","2,849",4.5 out of 5 stars,72
https://www.amazon.in/Wildcraft-Polyester-Black-Laptop-8903338054290/dp/B012D4QKHW/ref=sr_1_241?crid=2M096C61O4MLT&keywords=bags&qid=1685034860&sprefix=ba%2Caps%2C283&sr=8-241,Wildcraft 44 cms Polyester Black Laptop Bag (8903338054290),"1,589",4.3 out of 5 stars,652
https://www.amazon.in/MosQuick%C2%AE-Drawstring-Organizing-Stationery-multipurpose/dp/B09SB42QFQ/ref=sr_1_242?crid=2M096C61O4MLT&keywords=bags&qid=1685034860&sprefix=ba%2Caps%2C283&sr=8-242,"MosQuick® Clear large Drawstring Bags Clear Plastic Travel Bags, Travel Garments Organizing Storage Plastic Bags ,Shoe bags , Stationery Bag,multipurpose bag - Translucent",294,4.2 out of 5 stars,58
https://www.amazon.in/WILDHORN-Backpack-Compartment-Business-College/dp/B09Q63JWCH/ref=sr_1_243?crid=2M096C61O4MLT&keywords=bags&qid=1685034860&sprefix=ba%2Caps%2C283&sr=8-243,WILDHORN Laptop Backpack for Men/Women I Waterproof I Travel/Business/College Bookbags Fit 15.6 Inch Laptop,764,4.0 out of 5 stars,129
https://www.amazon.in/Aristocrat-Rookie-Duffle-Teal-Blue/dp/B09NXV58V3/ref=sr_1_244?crid=2M096C61O4MLT&keywords=bags&qid=1685034860&sprefix=ba%2Caps%2C283&sr=8-244,Aristocrat Polyester Hard 60 Cms Luggage- Suitcase(Dfroo62Etbl_Teal Blue),999,4.0 out of 5 stars,562
https://www.amazon.in/sspa/click?ie=UTF8&spc=MTo0MzcyMDA4NDIzMDA3MDk4OjE2ODUwMzQ4NjA6c3BfYnRmOjIwMDYzNzg0NDU4Mjk4OjowOjo&url=%2Fuppercase-Backpack-1600EBP1-repellent-sustainable%2Fdp%2FB0B5N9TY9C%2Fref%3Dsr_1_245_sspa%3Fcrid%3D2M096C61O4MLT%26keywords%3Dbags%26qid%3D1685034860%26sprefix%3Dba%252Caps%252C283%26sr%3D8-245-spons%26sp_csd%3Dd2lkZ2V0TmFtZT1zcF9idGY%26psc%3D1,"uppercase Laptop Backpack 1600EBP Compact 3x more water repellent sustainable bags with rain proof zippers for Men, Women, Boys and Girls, 750 Days warranty","1,100",4.2 out of 5 stars,198
https://www.amazon.in/sspa/click?ie=UTF8&spc=MTo0MzcyMDA4NDIzMDA3MDk4OjE2ODUwMzQ4NjA6c3BfYnRmOjIwMTEzNzg4MTc0OTk4OjowOjo&url=%2FHEROZ-Hammer-Backpack-Resistant-Durable%2Fdp%2FB07M82M8G7%2Fref%3Dsr_1_246_sspa%3Fcrid%3D2M096C61O4MLT%26keywords%3Dbags%26qid%3D1685034860%26sprefix%3Dba%252Caps%252C283%26sr%3D8-246-spons%26sp_csd%3Dd2lkZ2V0TmFtZT1zcF9idGY%26psc%3D1%26smid%3DAGHKR430JFM4U,HEROZ Hammer Unisex Nylon 45 L Travel Laptop Backpack Water Resistant Slim Durable Fits Up to 17.3 Inch Laptop Notebook (All) (Grey & A. Blue 1000),"1,499",4.3 out of 5 stars,"7,877"
https://www.amazon.in/ADISA-BP010-Weight-Casual-Backpack/dp/B07MXF15WZ/ref=sr_1_241?crid=2M096C61O4MLT&keywords=bags&qid=1685034861&sprefix=ba%2Caps%2C283&sr=8-241,ADISA 32 Ltrs Water Resistant Casual Travel Bagpack/College Backpack/School Office Bag for Men and Women,499,4.0 out of 5 stars,"3,878"
https://www.amazon.in/Waterproof-Laptop-College-Backpack-Navy_Blue/dp/B0BW9GWPYH/ref=sr_1_242?crid=2M096C61O4MLT&keywords=bags&qid=1685034861&sprefix=ba%2Caps%2C283&sr=8-242,30 L Waterproof Laptop/College/School/Office Bag Backpack for Men Women Boys Girls with Rain Cover (Navy_Blue),499,5.0 out of 5 stars,1
https://www.amazon.in/Cosmus-Casual-Backpack-Charger-College/dp/B08D7DTWLF/ref=sr_1_243?crid=2M096C61O4MLT&keywords=bags&qid=1685034861&sprefix=ba%2Caps%2C283&sr=8-243,Cosmus Vogue Casual Laptop Backpack with USB Charger Port 46cm 26 Litre Dark Grey College Bag,"1,328",4.2 out of 5 stars,"1,390"
https://www.amazon.in/DOUBLE-BAGS-delivery-Insulated-Groceries/dp/B08RB54DJN/ref=sr_1_244?crid=2M096C61O4MLT&keywords=bags&qid=1685034861&sprefix=ba%2Caps%2C283&sr=8-244,DOUBLE R BAGS Thermal Bags for Cold and hot Food Bag Frozen take Away Beer Bottle Carry delivery Insulated Reusable Jute Shopping Groceries or Sturdy Zipper Foldable Washable Heavy Duty (Black),887,3.9 out of 5 stars,106
https://www.amazon.in/Wildcraft-Travel-Duffle-Frisbee-2_Black/dp/B019DWDO9Y/ref=sr_1_245?crid=2M096C61O4MLT&keywords=bags&qid=1685034861&sprefix=ba%2Caps%2C283&sr=8-245,Wildcraft Nylon 18 Inch Black Travel Duffle (Frisbee 2_Black),990,4.1 out of 5 stars,156
https://www.amazon.in/ASTRID-Black-Textured-Laptop-Accessory/dp/B09Z2G37YY/ref=sr_1_246?crid=2M096C61O4MLT&keywords=bags&qid=1685034861&sprefix=ba%2Caps%2C283&sr=8-246,ASTRID Women's 17'' Black and White Textured Laptop Bag With Accessory Pouch,999,4.1 out of 5 stars,113
https://www.amazon.in/Hammonds-Flycatcher-Leather-Messenger-LB168TN/dp/B0849V7MZN/ref=sr_1_247?crid=2M096C61O4MLT&keywords=bags&qid=1685034861&sprefix=ba%2Caps%2C283&sr=8-247,"Hammonds Flycatcher Genuine Leather Laptop Bag for Men/Office Bag for Men, Tan | Fits Upto 16"" Laptop/MacBook| Bag with Shoulder Straps | Laptop Messenger Bag/Leather Bag for Men with Trolley Straps","3,983",4.2 out of 5 stars,268
https://www.amazon.in/Toil-Moil-Mickey-Red-Spider-School/dp/B0BVMT6F5W/ref=sr_1_248?crid=2M096C61O4MLT&keywords=bags&qid=1685034861&sprefix=ba%2Caps%2C283&sr=8-248,Toil Moil Combo 4 Bag Panda Cute Kitty Mickey Red-Spider of Kids Bags for School 10Ltr,374,4.5 out of 5 stars,5
https://www.amazon.in/Martucci-Waterproof-Backpack-College-Business/dp/B0BRJTQR1K/ref=sr_1_249?crid=2M096C61O4MLT&keywords=bags&qid=1685034861&sprefix=ba%2Caps%2C283&sr=8-249,Martucci Jersey 45L Casual Waterproof Laptop Backpack/Office Bag/School Bag/College Bag/Business Bag/Unisex Travel Backpack,809,3.7 out of 5 stars,47
https://www.amazon.in/Motherly-Stylish-Babies-Diaper-Mothers/dp/B07DMKJJB4/ref=sr_1_250?crid=2M096C61O4MLT&keywords=bags&qid=1685034861&sprefix=ba%2Caps%2C283&sr=8-250,motherly Stylish Babies Diaper Bags for Mothers - Economical Version (Grey and Pink),"1,784",4.6 out of 5 stars,"5,694"
https://www.amazon.in/Sunesh-Creation-Handbag-Shoulder-Multipurpose/dp/B084LHWB44/ref=sr_1_251?crid=2M096C61O4MLT&keywords=bags&qid=1685034861&sprefix=ba%2Caps%2C283&sr=8-251,Sunesh Creation Nylon Travel Women's Casual Handbag/Shoulder Bag/Pooja Bag/Multipurpose Bag,189,3.5 out of 5 stars,5
https://www.amazon.in/Backpack-Business-Backpacks-Charging-Resistant/dp/B094DGX84G/ref=sr_1_252?crid=2M096C61O4MLT&keywords=bags&qid=1685034861&sprefix=ba%2Caps%2C283&sr=8-252,"FUR JADEN Travel Laptop Backpack, Business Backpacks with USB Charging Port, Water Resistant College School Computer Bag for Men & Women Fits Under 15.6 inch Laptop and Notebook","1,099",4.3 out of 5 stars,413
https://www.amazon.in/Wooum-Resistant-Shoulder-Capacity-Messenger/dp/B09KV5X5QN/ref=sr_1_253?crid=2M096C61O4MLT&keywords=bags&qid=1685034861&sprefix=ba%2Caps%2C283&sr=8-253,"Wooum Water Resistant Shoulder Bag for iPad Pro 11, Large Capacity Sling Cross Body Bag/Soulder Bag/Messenger Bag/One Side Bag/Travel Office Side Bag With Leather Handle for Men and Women",328,3.6 out of 5 stars,23
https://www.amazon.in/House-Quirk-Toiletry-Waterproof-Zippered/dp/B09G364GX5/ref=sr_1_254?crid=2M096C61O4MLT&keywords=bags&qid=1685034861&sprefix=ba%2Caps%2C283&sr=8-254,"House of Quirk Clear Toiletry Bag, Wash Make Up Bag PVC Waterproof Zippered Cosmetic Bag, Portable Carry Pouch for Women Men (Set of 3 Bag Black)",475,4.4 out of 5 stars,515
https://www.amazon.in/Travalate%C2%AE-Messenger-Detachable-Multipurpose-Women-Black/dp/B0B6R3JM49/ref=sr_1_255?crid=2M096C61O4MLT&keywords=bags&qid=1685034861&sprefix=ba%2Caps%2C283&sr=8-255,Travalate® Compact Messenger Bag| Detachable Strap Multipurpose Waist Bag Travel Bag| Sling Bag Water Resistant | Outdoor Cycling Chest Shoulder Fashion Bags for Men & Women-Black,578,3.6 out of 5 stars,14
https://www.amazon.in/Comfabie-Backpack-Multipurpose-Handbags-Shoulder/dp/B0BNQJM7Q9/ref=sr_1_256?crid=2M096C61O4MLT&keywords=bags&qid=1685034861&sprefix=ba%2Caps%2C283&sr=8-256,Comfabie Women's Fashion Backpack Purses Multipurpose Design Handbags and Shoulder Bag PU Leather Travel bag Vegan Leather Girl's Travel Casual Collage Backpack With Shoulder printed Strap,809,3.8 out of 5 stars,204
https://www.amazon.in/bg1905-Capacity-Laptop-Travelling-Backpack/dp/B082MKHDJ1/ref=sr_1_273?crid=2M096C61O4MLT&keywords=bags&qid=1685034863&sprefix=ba%2Caps%2C283&sr=8-273,TSPARK Red Lemon bg1905 15.6 inch 35 LTR Capacity Laptop Bag for Men Travelling Hiking Backpack for Men and Women,"2,949",4.3 out of 5 stars,83
https://www.amazon.in/Gear-Green-Casual-Backpack-BKPECOBP40503/dp/B019HA8DQQ/ref=sr_1_274?crid=2M096C61O4MLT&keywords=bags&qid=1685034863&sprefix=ba%2Caps%2C283&sr=8-274,Gear Eco4 19L Water Resistant School Bag//Backpack/College Bag for Men/Women - Navy Blue,549,4.0 out of 5 stars,"4,213"
https://www.amazon.in/PUMA-Laptop-Backpack-IND-Black-CASTLEROCK/dp/B08BV2S9K1/ref=sr_1_275?crid=2M096C61O4MLT&keywords=bags&qid=1685034863&sprefix=ba%2Caps%2C283&sr=8-275,PUMA Laptop Backpack IND II Black-CASTLEROCK,"1,149",4.0 out of 5 stars,72
https://www.amazon.in/SBCOLLECTION-Premium-Backpack-Water-Resistance-Business/dp/B0BXY23WMS/ref=sr_1_276?crid=2M096C61O4MLT&keywords=bags&qid=1685034863&sprefix=ba%2Caps%2C283&sr=8-276,SBCOLLECTION Premium School College Office Laptop Daily Use Backpack for All Day Traveler,239,4.0 out of 5 stars,7
https://www.amazon.in/Wooum-Opening-Supplies-Stationary-Capacity/dp/B0BSFNVFL7/ref=sr_1_277?crid=2M096C61O4MLT&keywords=bags&qid=1685034863&sprefix=ba%2Caps%2C283&sr=8-277,"Wooum Wide Opening Pencil Bag, Pen Pouch, Pen Bag, Pencil Holder, School Supplies Stationary Bag Big Capacity (Navy Blue)",298,4.2 out of 5 stars,55
https://www.amazon.in/American-Tourister-Polyester-Compartment-Backpack/dp/B0BWFFFT5H/ref=sr_1_278?crid=2M096C61O4MLT&keywords=bags&qid=1685034863&sprefix=ba%2Caps%2C283&sr=8-278,"American Tourister Sest+ Polyester 2 Compartment Unisex Backpack (Grey,Frsz)","1,429",4.1 out of 5 stars,9
https://www.amazon.in/SNDIA-Transparent-Storage-Cosmetic-Toiletry/dp/B095PFZLJR/ref=sr_1_279?crid=2M096C61O4MLT&keywords=bags&qid=1685034863&sprefix=ba%2Caps%2C283&sr=8-279,"SNDIA 2-Set Multipurpose Transparent Travel Pouch Makeup Toiletry Kit Bag Cosmetic Pouch for Women Makeup Organizer Bag Plastic Box Vanity, Shaving Kit Toiletry Bag for Men (23.5x15.5x10 cm)",398,4.2 out of 5 stars,674
https://www.amazon.in/SBCOLLECTION-Premium-Backpack-Water-Resistance-Business/dp/B0BXL5B1J4/ref=sr_1_280?crid=2M096C61O4MLT&keywords=bags&qid=1685034863&sprefix=ba%2Caps%2C283&sr=8-280,SBCOLLECTION Premium School College Office Laptop Daily Use Backpack for All Day Traveler,229,3.3 out of 5 stars,13
https://www.amazon.in/Half-Moon-Curiosity-Backpack-Resistant/dp/B09S3ZK3N1/ref=sr_1_282?crid=2M096C61O4MLT&keywords=bags&qid=1685034863&sprefix=ba%2Caps%2C283&sr=8-282,"Half Moon Curiosity 35L Water Resistant 15.6"" Laptop Bag for Men/Backpack for Men, Black | Office Bag for Men/Office Bag for Women with Padded Laptop Compartment | Rain Cover & Slim Durable Backpack",749,3.8 out of 5 stars,177
https://www.amazon.in/Justify-Lightweight-Backpack-College-Daypack/dp/B0BX42PNFX/ref=sr_1_283?crid=2M096C61O4MLT&keywords=bags&qid=1685034863&sprefix=ba%2Caps%2C283&sr=8-283,Justify Lightweight Casual Backpack For Office College School Travel Daypack Bag with Laptop sleeve,549,3.0 out of 5 stars,5
https://www.amazon.in/F-Gear-Burner-Casual-Laptop-Backpack/dp/B016115VXW/ref=sr_1_284?crid=2M096C61O4MLT&keywords=bags&qid=1685034863&sprefix=ba%2Caps%2C283&sr=8-284,F Gear Burner P8 19 Ltrs White Casual Laptop Backpack,714.,4.3 out of 5 stars,"3,953"
https://www.amazon.in/Harissons-Backpack-Abrassion-Integrated-backstaps/dp/B07P6CNKHV/ref=sr_1_285?crid=2M096C61O4MLT&keywords=bags&qid=1685034863&sprefix=ba%2Caps%2C283&sr=8-285,HARISSONS Delta 39L Laptop Backpack (Navy Blue) for Office & Travel Purpose | School Bag for Children with a Multi-Purpose Handy Pouch and Dedicated Laptop Cradle (15.6 inch) | Water-Resistant,"2,099",4.2 out of 5 stars,"1,655"
https://www.amazon.in/Resistant-Duffle-Shoulder-Separate-Compartment/dp/B09KVBSG61/ref=sr_1_286?crid=2M096C61O4MLT&keywords=bags&qid=1685034863&sprefix=ba%2Caps%2C283&sr=8-286,"Wooum Polyester 23 cms Gym Bag Sport Outdoor Bag, Shoulder Bag Side Bag with Separate Shoes Compartment Water Resistance - Dark Grey",397,4.2 out of 5 stars,497
https://www.amazon.in/Fur-Jaden-Charging-Waterproof-BM36_BlueZip/dp/B07MXM5M99/ref=sr_1_287?crid=2M096C61O4MLT&keywords=bags&qid=1685034863&sprefix=ba%2Caps%2C283&sr=8-287,"Fur Jaden 15.6 Inch Laptop Backpack 25 LTR Bag for School, College and Office with USB Charging Port",499,3.9 out of 5 stars,"10,167"
https://www.amazon.in/Half-Moon-Resistant-School-Backpack/dp/B0BXXTZ7GZ/ref=sr_1_288?crid=2M096C61O4MLT&keywords=bags&qid=1685034863&sprefix=ba%2Caps%2C283&sr=8-288,Half Moon 37L Water Resistant School/Office/Busines Backpack for Men Women Boys & Girls (Grey),649,4.5 out of 5 stars,2
https://www.amazon.in/F-Gear-Tandrum-Leather-Laptop-Backpack/dp/B071GY723F/ref=sr_1_289?crid=2M096C61O4MLT&keywords=bags&qid=1685034864&sprefix=ba%2Caps%2C283&sr=8-289,F Gear Tandrum V2 Leather 28 Liters Laptop Backpack Sch Bag(Black),"1,145",4.3 out of 5 stars,241
https://www.amazon.in/Wooum-Opening-Supplies-Stationary-Capacity/dp/B0BSFNVFL7/ref=sr_1_290?crid=2M096C61O4MLT&keywords=bags&qid=1685034864&sprefix=ba%2Caps%2C283&sr=8-290,"Wooum Wide Opening Pencil Bag, Pen Pouch, Pen Bag, Pencil Holder, School Supplies Stationary Bag Big Capacity (Navy Blue)",298,4.2 out of 5 stars,55
https://www.amazon.in/Arctic-Fox-Backpack-Charging-Laptop/dp/B089QBD333/ref=sr_1_291?crid=2M096C61O4MLT&keywords=bags&qid=1685034864&sprefix=ba%2Caps%2C283&sr=8-291,Arctic Fox Slope Anti Theft 23 L Backpack with USB Charging Port 15 Inch Laptop Backpack (Marble Black),"1,439",4.5 out of 5 stars,"3,833"
https://www.amazon.in/FUR-JADEN-Backpack-Organizer-Compartments/dp/B0BQYKTDCK/ref=sr_1_293?crid=2M096C61O4MLT&keywords=bags&qid=1685034864&sprefix=ba%2Caps%2C283&sr=8-293,"FUR JADEN Faux Leather 15.6 Inch Premium Laptop Backpack 32L with Internal Organizer, 2 Large Compartments","2,199",4.6 out of 5 stars,84
https://www.amazon.in/GoHustle-Business-Class-Convertible-Waterproof/dp/B0BM99GZ2K/ref=sr_1_294?crid=2M096C61O4MLT&keywords=bags&qid=1685034864&sprefix=ba%2Caps%2C283&sr=8-294,"GoHustle Business Class Convertible Laptop Backpack Bag | Waterproof Raincover | 30L, Upto 15.6 inch laptop bag, Keyholder & Organizer, Black Color","1,499",4.4 out of 5 stars,21
https://www.amazon.in/F-Gear-Talent-Laptop-Backpack-Grey/dp/B078KS2FX1/ref=sr_1_295?crid=2M096C61O4MLT&keywords=bags&qid=1685034864&sprefix=ba%2Caps%2C283&sr=8-295,"F Gear Talent Laptop Backpack With Rain Cover 32 Liters (Grey,Black)","1,370",4.4 out of 5 stars,"1,124"
https://www.amazon.in/Half-Moon-Backpack-Organiser-Compartment/dp/B0C1V79PB6/ref=sr_1_296?crid=2M096C61O4MLT&keywords=bags&qid=1685034864&sprefix=ba%2Caps%2C283&sr=8-296,"Half Moon StyleX Unisex School Bags for Boys Girls Laptop Bag/Backpack for Men Women College Bag with Internal Organiser, Never Fading Print & 15.6 inch Laptop Compartment",499,4.0 out of 5 stars,1
https://www.amazon.in/Lino-Perros-Womens-Handbag-Black/dp/B07L4PQJ42/ref=sr_1_297?crid=2M096C61O4MLT&keywords=bags&qid=1685034864&sprefix=ba%2Caps%2C283&sr=8-297,Lino Perros Women Handbag,"1,438",4.3 out of 5 stars,"2,641"
https://www.amazon.in/Half-Moon-Backpack-Compartment-Reflective/dp/B0BR2WGZD2/ref=sr_1_298?crid=2M096C61O4MLT&keywords=bags&qid=1685034864&sprefix=ba%2Caps%2C283&sr=8-298,Half Moon Large 35L Laptop College School Travel Bag Backpack for Men Women Boys and Girls Luggage Travel Bags with 17.3 inches Laptop Compartment Rain Cover & Reflective Strips (Black),849,3.7 out of 5 stars,9
https://www.amazon.in/DIVULGE-Drawstring-Bag-Sports-Utility/dp/B07PXTDBH4/ref=sr_1_299?crid=2M096C61O4MLT&keywords=bags&qid=1685034864&sprefix=ba%2Caps%2C283&sr=8-299,"DIVULGE Multi Utility Drawstring Bag (Black , 16 L)",153,4.0 out of 5 stars,"1,097"
https://www.amazon.in/Skybags-Unisex-Adjustable-Polyester-Backpack/dp/B0BJ763F7Y/ref=sr_1_300_mod_primary_new?crid=2M096C61O4MLT&keywords=bags&qid=1685034864&sbo=RZvfv%2F%2FHxDF%2BO5021pAnSA%3D%3D&sprefix=ba%2Caps%2C283&sr=8-300,Skybags Kick 24L Unisex Adjustable Strap Polyester Blue Laptop Backpack,"1,299",4.3 out of 5 stars,26
https://www.amazon.in/Lavie-Sport-Casual-Backpack-Charge/dp/B083KW31YD/ref=sr_1_301?crid=2M096C61O4MLT&keywords=bags&qid=1685034864&sprefix=ba%2Caps%2C283&sr=8-301,Lavie Sport Charge 36 litres Backpack with Laptop Sleeve | School College Bag for Boys & Girls,839,3.9 out of 5 stars,298
https://www.amazon.in/BP1501-15-6-inch-Gaming-Laptop-Backpack/dp/B081RLHHCY/ref=sr_1_302?crid=2M096C61O4MLT&keywords=bags&qid=1685034864&sprefix=ba%2Caps%2C283&sr=8-302,Asus ROG BP1501 39.62 cm (15.6-inch) Gaming Laptop Backpack (Black),"1,499",4.3 out of 5 stars,925
https://www.amazon.in/SACCI-MUCCI-Allamanda-Lightweight-SM1-10_magnolia/dp/B09TDNZ88Z/ref=sr_1_303?crid=2M096C61O4MLT&keywords=bags&qid=1685034864&sprefix=ba%2Caps%2C283&sr=8-303,"SACCI MUCCI Women's Rainbow Sling Bag, Handmade Bags for Females - 100% Vegan Leather and Coated Duck canvas Fabric, Lightweight and Durable",499,4.2 out of 5 stars,786
https://www.amazon.in/Half-Moon-Resistant-Backpack-Compartment/dp/B0BHX7GY16/ref=sr_1_304?crid=2M096C61O4MLT&keywords=bags&qid=1685034864&sprefix=ba%2Caps%2C283&sr=8-304,Half Moon Large 37L Laptop Bag Backpack for menं Women Boys and Girls Luggage Travel Bags with 17.3 inches Laptop Compartment & Rain Cover,749,3.9 out of 5 stars,"2,764"
