Product url,Description
https://www.amazon.in/sspa/click?ie=UTF8&spc=MTo3MjIxMDI2NzY4MDExNjE2OjE2ODUwMzQ4NDg6c3BfYXRmX25leHQ6MjAxMTAxODE1MTA5OTg6OjA6Og&url=%2FMokobara-Backpack-Leather-Resistant-Laptop%2Fdp%2FB0B7X81X69%2Fref%3Dsr_1_17_sspa%3Fcrid%3D2M096C61O4MLT%26keywords%3Dbags%26qid%3D1685034848%26sprefix%3Dba%252Caps%252C283%26sr%3D8-17-spons%26sp_csd%3Dd2lkZ2V0TmFtZT1zcF9hdGZfbmV4dA%26psc%3D1,"['CRAFTED WITH INDUSTRY BEST PREMIUM MATERIALS: Materials: Vegan leather and nylon fabric, Casing: Soft, Colour: Black, Water resistant: Yes; INDUSTRY BEST BACKPACK STORAGE: 45 x 31 x 13.5 cm Dimensions, 19L Capacity, Fits upto a 16” laptop', 'FLAT OPENING TECH COMPARTMENT: 5 pockets to store your iPad, adapters and other tech accessories, Padded laptop compartment with lock strap', 'MOST FEATURE RICH BACKPACK: USB Port:1, Power bank not included, Front compartment: slip pockets, pen pockets, zippered pockets, Expandable body, Hidden magnetic passport/phone pocket, Luggage sleeve, Hidden expandable water bottle/umbrella pocket', 'MORE REASONS TO LOVE YOUR MOKOBARA: Warranty type: 12 Months, Register warranty on (mokobara.com/warranty), get in touch with us @7975298840 (10:30AM - 5:30PM MON-FRI)', 'Lining Description: Polyester; Style Name: Casual; Strap Type: Shoulder Strap; Pattern Name: Solid; Color Name: Crypto; Age Range Description: Adult']"
https://www.amazon.in/sspa/click?ie=UTF8&spc=MTo3MjIxMDI2NzY4MDExNjE2OjE2ODUwMzQ4NDg6c3BfYXRmX25leHQ6MjAxMTY4ODIxODEwOTg6OjA6Og&url=%2FRed-Lemon-Unisex-adult-Waterproof-Charging%2Fdp%2FB09VGNTDRZ%2Fref%3Dsr_1_18_sspa%3Fcrid%3D2M096C61O4MLT%26keywords%3Dbags%26qid%3D1685034848%26sprefix%3Dba%252Caps%252C283%26sr%3D8-18-spons%26sp_csd%3Dd2lkZ2V0TmFtZT1zcF9hdGZfbmV4dA%26psc%3D1,"['Closure: Zipper', 'PREMIUM MATERIAL: This stylish chest bag is made of waterproof TPU material. Comes in a shell structure with a front Rhombus design.', 'ORGANIZED DESIGN: Spaced compartment with one separate soft sleeve to hold iPad, phone, or notebook. Spacious enough to store accessories like a camera or short trip essentials. Multiple organized pockets to hold money wallet, power bank, mobile, charger, pens, cable, etc. Soft adjustable single shoulder strap to relieve the stress of shoulder. A strong sturdy handle to carry the bag with ease.', 'USB FEATURE: External USB port with built-in charging cable enables convenient charging by connecting your power bank with your electronic devices.', 'DIMENSIONS: 19 cms x 16 cms x 33 cms (LxWxH). The weight of the bag is 0.48 KG.', 'Outer Material Type: Synthetic']"
https://www.amazon.in/ZIPLINE-Polyester-Backpack-Children-Daypack/dp/B07XVMR33Q/ref=sr_1_24?crid=2M096C61O4MLT&keywords=bags&qid=1685034848&sprefix=ba%2Caps%2C283&sr=8-24,"['MULTI-FUNCTION COMPARTMENT: ZIPLINE backpack for men features with multiple storage compartments and for additional supplies and accessories such as your, iPhone, iPad, pen, keys, wallet, books, clothes, bottle, passport and more.', 'DURABLE MATERIAL: The school bag for boys is made up of superior quality which is durable, eco-friendly waterproof and anti-scratch polyester and featuring a reinforced bottom to withstand heavy use, perfect for business, travel, school and other outdoor activities.', 'COMFORTABLE DESIGN: Our school bag for boys ""S"" Curve is adjustable, heavily padded shoulder straps and back panel make the school bag more comfortable to wear even when loaded with all your gear; Compact: Backpack for men has a roomy three compartment, front zipper pockets to hold small accessories, one internal security zippered pocket for valuable items and side pockets for water bottle or umbrella and thus it is best school bags for boys.', 'Size:18*13*9 inch(L*W*H), Capacity: The college bag has capacity of 36.5L which is bigger than others of the same style. Good size for school bags, college bag, camping, travel, shopping, hiking, climbing, vintage backpack for men and women.; Age Range Description: Kid; Special Features: Water Bottle Umbrella Pouch; Pocket Description: Utility Pocket', 'Compartment Description: The backpack for men is not laptop compatible; Warranty Description: 1 Year From The Date Of Purchase, Water Resistance Level: Waterproof']"
https://www.amazon.in/sspa/click?ie=UTF8&spc=MTo3MjIxMDI2NzY4MDExNjE2OjE2ODUwMzQ4NDg6c3BfbXRmOjIwMTEwMDgyMjQxMjk4OjowOjo&url=%2FRed-Lemon-Ironlook-Briefcase-Anti-Theft%2Fdp%2FB09ZYMT7V1%2Fref%3Dsr_1_27_sspa%3Fcrid%3D2M096C61O4MLT%26keywords%3Dbags%26qid%3D1685034848%26sprefix%3Dba%252Caps%252C283%26sr%3D8-27-spons%26sp_csd%3Dd2lkZ2V0TmFtZT1zcF9tdGY%26psc%3D1,"['? PREMIUM MATERIAL: Made from high quality, waterproof hard EVA material. Premium quality smooth zippers, pullers, buckles.;Special Features: Locking; Style Name: Modern', '? ORGANISED DESIGN: This backpack has one roomy spaced compartment with built in soft padded sleeve to protect laptops upto 16 inch. Separate sleeve for tablet/ Ipad. Spacious enough to hold your clothings, folders, documents etc. Also includes organised pockets to hold electronic diary, power bank, pens. mobile etc. Soft handle for better comfort. Adjustable and padded shoulder straps make it comfortable during use.', '? ANTI- THEFT DESIGN & CAPACITY: One hidden zipper pocket equips on the back to pack your money, cards, wallet. This invisible design increases the security of your belongings. Dimensions: 30 cms x 8 cms x 45 cms (LxWxH). Capacity: 11 Lit', '? USB FEATURE & TSA LOCK : External USB port with built-in charging cable enables convenient charging by connecting your power bank with your electronic devices. This backpack comes with a built-in TSA lock that gives the bag an added level of security. Helps deter thefts during travel.; ? TROLLEY STRAP : The insertible pull rod box design allows the bag to slide over the luggage handle for easy mobility during traveling.; Age Range Description: Adult; Pattern Name: Solid; Theme: Sports', 'Impact-resistant design. ID pouch, Mobile phone pouch. Zipper hidden pouch, Laptop slot, and Tablet slot. USB Charging slot on the outside. Shape-retaining construction. Water-resistant fabric. Premium leather zipper pulls. Top carry handle with leather grip. Air mesh back padding. Adjustable padded shoulder straps with metallic buckle and leather accents.']"
https://www.amazon.in/sspa/click?ie=UTF8&spc=MTo3MjIxMDI2NzY4MDExNjE2OjE2ODUwMzQ4NDg6c3BfbXRmOjIwMTEwMTgxNTEwODk4OjowOjo&url=%2FMokobara-Backpack-litre-Brown-laptop%2Fdp%2FB095PC3QPV%2Fref%3Dsr_1_28_sspa%3Fcrid%3D2M096C61O4MLT%26keywords%3Dbags%26qid%3D1685034848%26sprefix%3Dba%252Caps%252C283%26sr%3D8-28-spons%26sp_csd%3Dd2lkZ2V0TmFtZT1zcF9tdGY%26psc%3D1,"['CRAFTED WITH INDUSTRY BEST PREMIUM MATERIALS: Materials: Vegan leather and nylon fabric, Casing: Soft, Colour: Tan, Water resistant: Yes.', 'PADDED LAPTOP COMPARTMENT AND MAXED OUT STORAGE: Dimension: 29 x 14 x 41 cm, Capacity: 16L, Fits up to a 15.4” laptop', 'MOST FEATURE RICH BACKPACK: Vegan leather trims, Padded shoulder straps, Easy length adjustment buckle & strap lock, Hidden expandable side water bottle pocket, Luggage sleeve', 'HIDDEN MAGNETIC POCKET: Snaps close and stores your phone/passport for quick access; MORE REASONS TO LOVE YOUR MOKOBARA: Warranty type: 12 Months, Register warranty on (mokobara.com/warranty), get in touch with us @7975298840 (10:30AM - 5:30PM MON-FRI)', 'Warranty Description: 12 Months Warranty; Age Range Description: Adult; Compartment Description: Up To 16 Inches; Closure Type: Zipper; Pattern Name: Solid; Lining Description: Polyester; Color Name: Nice And Dusty']"
https://www.amazon.in/sspa/click?ie=UTF8&spc=MTo3MjIxMDI2NzY4MDExNjE2OjE2ODUwMzQ4NDg6c3BfYnRmOjIwMDkyNTI1OTc5Njk4OjowOjo&url=%2FNumber-Backpack-Compartment-Charging-Organizer%2Fdp%2FB09VTCNN75%2Fref%3Dsr_1_37_sspa%3Fcrid%3D2M096C61O4MLT%26keywords%3Dbags%26qid%3D1685034848%26sprefix%3Dba%252Caps%252C283%26sr%3D8-37-spons%26sp_csd%3Dd2lkZ2V0TmFtZT1zcF9idGY%26psc%3D1,"['Care Instructions: Wipe with Damp Cloth', 'Number Lock: This Fur Jaden Anti Theft laptop backpack comes equipped with a Number Lock. This helps keep your laptop and other belongings safe when you need to leave your bag unattended in a public space. The number lock sequence can be changed and customised by your directly.', 'USB Charging Port: Now charge your devices on the go with your new Fur Jaden backpack without the hassle of carrying a bulk power bank in your pocket/ hand at all times.', 'Ergonomic Design: This backpack has been designed to ensure equal weight distribution on your shoulders along with padded shoulder straps and breathable air mesh on the back.', 'Dimension: 42 CM (L) x 30 CM (W) x 18 CM (D). Storage Capacity: 25L. Weight: 600 Grams; Warranty: 1 Year Manufacturer Warranty against Manufacturing Defects', 'Closure Type: Zipper; Lining Description: Polyester; Age Range Description: Adult']"
https://www.amazon.in/sspa/click?ie=UTF8&spc=MTo3MjIxMDI2NzY4MDExNjE2OjE2ODUwMzQ4NDg6c3BfYnRmOjIwMTI0MzExMDI0ODk4OjowOjo&url=%2Fuppercase-Backpack-2300EBP1-resistant-sustainable%2Fdp%2FB0BWNCV31F%2Fref%3Dsr_1_38_sspa%3Fcrid%3D2M096C61O4MLT%26keywords%3Dbags%26qid%3D1685034848%26sprefix%3Dba%252Caps%252C283%26sr%3D8-38-spons%26sp_csd%3Dd2lkZ2V0TmFtZT1zcF9idGY%26psc%3D1,"['Care Instructions: Wipe with Damp Cloth', 'Handcrafted with care and made up of premium quality robust material', 'Wrinkle free bag and 3x more water resistant with Rainproof zippers; Trolley sleeve to securely place the bags on the luggage', 'Right sized with sturdy stitching; Dimension: (28.2 cm x 14.1 cm x 42.2 cm); Warranty: 750 days international warranty', 'GRS certified for sustainability; The GRS (Global Recycled Standard) is intended for use with any product that contains at least 50% Recycled Material (License No. CMPY-158596)', 'Padded laptop compartment fits up to 14”, Back padding with Air mesh; Front access pocket for you to easily carry important small items with two bottle holders on the sides']"
https://www.amazon.in/sspa/click?ie=UTF8&spc=MTozNTE1MTIxMzU4NTU3ODg6MTY4NTAzNDg1MDpzcF9hdGZfbmV4dDoyMDExMDE4MTUxMTE5ODo6MDo6&url=%2FMOKOBARA-TSBPK12CND22001-Backpack-Modern-Love%2Fdp%2FB08T1769X9%2Fref%3Dsr_1_49_sspa%3Fcrid%3D2M096C61O4MLT%26keywords%3Dbags%26qid%3D1685034850%26sprefix%3Dba%252Caps%252C283%26sr%3D8-49-spons%26sp_csd%3Dd2lkZ2V0TmFtZT1zcF9hdGZfbmV4dA%26psc%3D1,"['CRAFTED WITH INDUSTRY BEST PREMIUM MATERIALS: Materials: Vegan leather and nylon fabric, Casing: Soft, Colour: Pink and Grey, Water resistant: Yes', 'PADDED LAPTOP COMPARTMENT AND MAXED OUT STORAGE: Dimension: 29 x 14 x 41 cm, Capacity: 16L, Fits up to a 15.4” laptop', 'MOST FEATURE RICH BACKPACK: Vegan leather trims, Padded shoulder straps, Easy length adjustment buckle & strap lock, Hidden expandable side water bottle pocket, Luggage sleeve.', 'HIDDEN MAGNETIC POCKET: Snaps close and stores your phone/passport for quick access; MORE REASONS TO LOVE YOUR MOKOBARA: Warranty type: 12 Months, Register warranty on (mokobara.com/warranty), get in touch with us @7975298840 (10:30AM - 5:30PM MON-FRI)', 'Compartment Description: Up To 16 Inches; Pattern Name: Solid; Color Name: Modern Love; Lining Description: Polyester; Closure Type: Zipper; Warranty Description: 12 Months Warranty; Age Range Description: Adult']"
https://www.amazon.in/sspa/click?ie=UTF8&spc=MTozNTE1MTIxMzU4NTU3ODg6MTY4NTAzNDg1MDpzcF9tdGY6MjAxMTY4ODIxODEwOTg6OjA6Og&url=%2FRed-Lemon-Unisex-adult-Waterproof-Charging%2Fdp%2FB09VGNTDRZ%2Fref%3Dsr_1_59_sspa%3Fcrid%3D2M096C61O4MLT%26keywords%3Dbags%26qid%3D1685034850%26sprefix%3Dba%252Caps%252C283%26sr%3D8-59-spons%26sp_csd%3Dd2lkZ2V0TmFtZT1zcF9tdGY%26psc%3D1,"['Closure: Zipper', 'PREMIUM MATERIAL: This stylish chest bag is made of waterproof TPU material. Comes in a shell structure with a front Rhombus design.', 'ORGANIZED DESIGN: Spaced compartment with one separate soft sleeve to hold iPad, phone, or notebook. Spacious enough to store accessories like a camera or short trip essentials. Multiple organized pockets to hold money wallet, power bank, mobile, charger, pens, cable, etc. Soft adjustable single shoulder strap to relieve the stress of shoulder. A strong sturdy handle to carry the bag with ease.', 'USB FEATURE: External USB port with built-in charging cable enables convenient charging by connecting your power bank with your electronic devices.', 'DIMENSIONS: 19 cms x 16 cms x 33 cms (LxWxH). The weight of the bag is 0.48 KG.', 'Outer Material Type: Synthetic']"
https://www.amazon.in/sspa/click?ie=UTF8&spc=MTozNTE1MTIxMzU4NTU3ODg6MTY4NTAzNDg1MDpzcF9tdGY6MjAxMjQzMTEwMjQ4OTg6OjA6Og&url=%2Fuppercase-Backpack-2300EBP1-resistant-sustainable%2Fdp%2FB0BWNCV31F%2Fref%3Dsr_1_60_sspa%3Fcrid%3D2M096C61O4MLT%26keywords%3Dbags%26qid%3D1685034850%26sprefix%3Dba%252Caps%252C283%26sr%3D8-60-spons%26sp_csd%3Dd2lkZ2V0TmFtZT1zcF9tdGY%26psc%3D1,"['Care Instructions: Wipe with Damp Cloth', 'Handcrafted with care and made up of premium quality robust material', 'Wrinkle free bag and 3x more water resistant with Rainproof zippers; Trolley sleeve to securely place the bags on the luggage', 'Right sized with sturdy stitching; Dimension: (28.2 cm x 14.1 cm x 42.2 cm); Warranty: 750 days international warranty', 'GRS certified for sustainability; The GRS (Global Recycled Standard) is intended for use with any product that contains at least 50% Recycled Material (License No. CMPY-158596)', 'Padded laptop compartment fits up to 14”, Back padding with Air mesh; Front access pocket for you to easily carry important small items with two bottle holders on the sides']"
https://www.amazon.in/ADISA-Laptop-Backpack-Office-College/dp/B0BXQZ6Q85/ref=sr_1_61?crid=2M096C61O4MLT&keywords=bags&qid=1685034850&sprefix=ba%2Caps%2C283&sr=8-61,"['Material: High Quality Polyester', '1 large compartment and 1 easy-access pocket', 'Laptop Size: 15.6 inch and below', 'Dimensions: LxWxH - 12 x 4.5 x 17 inches', 'USB / Reflector Logo / Adjustable Padded Shoulder Straps / Bottle holder / Padded Top Handle']"
https://www.amazon.in/Casual-Backpack-Charging-Laptop-Compartment/dp/B07J46KLFP/ref=sr_1_62?crid=2M096C61O4MLT&keywords=bags&qid=1685034850&sprefix=ba%2Caps%2C283&sr=8-62,"['Grey Colour Backpack for Men for Stylish Office use as well as for Trendy College and School students. Huge compartment size that can fit upto a 15.6 inch Laptop with ease. Multiple pockets for other accessories and water bottle', 'Capacity: 25 liters; Weight: 500 grams; Dimensions: 30 cms x 20 cms x 42 cms (LxWxH)', 'The backpack features a sleek and ergonomic design with a balanced weight distribution through its straps. This makes this product a suitable alternative to bulky and unsightly backpacks. The compact design of this backpack helps you to rest it comfortably on your shoulders while accommodating all your essentials with ease.', 'USB Charging Point to Charge On the Go - With our attached charging dock, now charing on the go is easier than before. Important Note: We do not provide Free Portable Charger with the Bag', 'Warranty- 10 days No Question asked replacement guarantee from the date of delivery. 6 Month Manufacturer and Seller Warranty']"
https://www.amazon.in/sspa/click?ie=UTF8&spc=MTozNTE1MTIxMzU4NTU3ODg6MTY4NTAzNDg1MDpzcF9idGY6MjAwOTI1MjU5Nzk2OTg6OjA6Og&url=%2FNumber-Backpack-Compartment-Charging-Organizer%2Fdp%2FB09VTCNN75%2Fref%3Dsr_1_70_sspa%3Fcrid%3D2M096C61O4MLT%26keywords%3Dbags%26qid%3D1685034850%26sprefix%3Dba%252Caps%252C283%26sr%3D8-70-spons%26sp_csd%3Dd2lkZ2V0TmFtZT1zcF9idGY%26psc%3D1,"['Care Instructions: Wipe with Damp Cloth', 'Number Lock: This Fur Jaden Anti Theft laptop backpack comes equipped with a Number Lock. This helps keep your laptop and other belongings safe when you need to leave your bag unattended in a public space. The number lock sequence can be changed and customised by your directly.', 'USB Charging Port: Now charge your devices on the go with your new Fur Jaden backpack without the hassle of carrying a bulk power bank in your pocket/ hand at all times.', 'Ergonomic Design: This backpack has been designed to ensure equal weight distribution on your shoulders along with padded shoulder straps and breathable air mesh on the back.', 'Dimension: 42 CM (L) x 30 CM (W) x 18 CM (D). Storage Capacity: 25L. Weight: 600 Grams; Warranty: 1 Year Manufacturer Warranty against Manufacturing Defects', 'Closure Type: Zipper; Lining Description: Polyester; Age Range Description: Adult']"
https://www.amazon.in/sspa/click?ie=UTF8&spc=MToxNTU0NTkwNzcxMDAxNzY1OjE2ODUwMzQ4NTE6c3BfYXRmX25leHQ6MjAxMjQzMTEwMjQ4OTg6OjA6Og&url=%2Fuppercase-Backpack-2300EBP1-resistant-sustainable%2Fdp%2FB0BWNCV31F%2Fref%3Dsr_1_97_sspa%3Fcrid%3D2M096C61O4MLT%26keywords%3Dbags%26qid%3D1685034851%26sprefix%3Dba%252Caps%252C283%26sr%3D8-97-spons%26sp_csd%3Dd2lkZ2V0TmFtZT1zcF9hdGZfbmV4dA%26psc%3D1,"['Care Instructions: Wipe with Damp Cloth', 'Handcrafted with care and made up of premium quality robust material', 'Wrinkle free bag and 3x more water resistant with Rainproof zippers; Trolley sleeve to securely place the bags on the luggage', 'Right sized with sturdy stitching; Dimension: (28.2 cm x 14.1 cm x 42.2 cm); Warranty: 750 days international warranty', 'GRS certified for sustainability; The GRS (Global Recycled Standard) is intended for use with any product that contains at least 50% Recycled Material (License No. CMPY-158596)', 'Padded laptop compartment fits up to 14”, Back padding with Air mesh; Front access pocket for you to easily carry important small items with two bottle holders on the sides']"
https://www.amazon.in/sspa/click?ie=UTF8&spc=MToxNTU0NTkwNzcxMDAxNzY1OjE2ODUwMzQ4NTE6c3BfYXRmX25leHQ6MjAxMTY4ODIxODEwOTg6OjA6Og&url=%2FRed-Lemon-Unisex-adult-Waterproof-Charging%2Fdp%2FB09VGNTDRZ%2Fref%3Dsr_1_98_sspa%3Fcrid%3D2M096C61O4MLT%26keywords%3Dbags%26qid%3D1685034851%26sprefix%3Dba%252Caps%252C283%26sr%3D8-98-spons%26sp_csd%3Dd2lkZ2V0TmFtZT1zcF9hdGZfbmV4dA%26psc%3D1,"['Closure: Zipper', 'PREMIUM MATERIAL: This stylish chest bag is made of waterproof TPU material. Comes in a shell structure with a front Rhombus design.', 'ORGANIZED DESIGN: Spaced compartment with one separate soft sleeve to hold iPad, phone, or notebook. Spacious enough to store accessories like a camera or short trip essentials. Multiple organized pockets to hold money wallet, power bank, mobile, charger, pens, cable, etc. Soft adjustable single shoulder strap to relieve the stress of shoulder. A strong sturdy handle to carry the bag with ease.', 'USB FEATURE: External USB port with built-in charging cable enables convenient charging by connecting your power bank with your electronic devices.', 'DIMENSIONS: 19 cms x 16 cms x 33 cms (LxWxH). The weight of the bag is 0.48 KG.', 'Outer Material Type: Synthetic']"
https://www.amazon.in/Gear-Vintage2-Leather-Backpack-LBPVG2LTH0501/dp/B07G4HH78P/ref=sr_1_99?crid=2M096C61O4MLT&keywords=bags&qid=1685034851&sprefix=ba%2Caps%2C283&sr=8-99,"['Outer material: Synthetic, color: navy; Waterproof', 'Capacity: 28 liters; Weight: 600 grams; Dimensions: 48 cms x 33 cms x 18 cms (LxWxH)', 'Number of compartments: 2', 'Laptop compatibility: Yes, laptop size: 16strap type: adjustable', 'Pocket Description: Utility Pocket; Style Name: Traditional Backpacks; Closure Type: Zipper; Age Range Description: Adult; Special Features: Back Padding', 'Concealed quick access Pockets on back panel ,Adjustable Anti sweat padded Shoulder straps , Padded Laptop sleeve,3 External Pockets, Padded Back Panel Cushioned with Anti Sweat Fabric,Embedded Organizer , USB and Headphone cable slot .']"
https://www.amazon.in/ADISA-Laptop-Backpack-College-z-Black/dp/B09TPY1G1W/ref=sr_1_106?crid=2M096C61O4MLT&keywords=bags&qid=1685034851&sprefix=ba%2Caps%2C283&sr=8-106,"['Material: Water Resistant Light-Weight Polyester', 'Compartments: 2 with padding; Laptop Size: 15.6 inch and below', 'Dimensions: LxWxH - 12.5 x 7.5 x 19 inches', 'Reflector Logo / Adjustable Padded Shoulder Straps / 2 Bottle holders', 'Closure Type: Zipper']"
https://www.amazon.in/sspa/click?ie=UTF8&spc=MToxNTU0NTkwNzcxMDAxNzY1OjE2ODUwMzQ4NTE6c3BfbXRmOjIwMTE3Nzk1ODcxNjk4OjowOjo&url=%2FMokobara-Transit-Backpack-Laptop-Sunray%2Fdp%2FB09V7R98XC%2Fref%3Dsr_1_107_sspa%3Fcrid%3D2M096C61O4MLT%26keywords%3Dbags%26qid%3D1685034851%26sprefix%3Dba%252Caps%252C283%26sr%3D8-107-spons%26sp_csd%3Dd2lkZ2V0TmFtZT1zcF9tdGY%26psc%3D1,"['Care Instructions: Wipe with Damp Cloth', 'CRAFTED WITH INDUSTRY BEST PREMIUM MATERIALS: Materials: Vegan leather and nylon fabric, Casing: Soft, Colour: Light Brown, Water resistant: Yes', 'MOST FEATURE RICH BACKPACK: Front bucket pocket: Retractable key holder, Card holder, Slip pockets, Zippered pocket, Flat opening tech compartment: 5 pockets to store all your tech accessories, Padded laptop compartment with lock strap, Fits up to a 16” laptop', 'INDUSTRY BEST FUNCTIONAL BACKPACK: 2 Hidden bottle/umbrella pocket, Hidden magnetic passport pocket, 10 thoughtfully designed pockets, Luggage sleeve, Silicon grab handle, Padded shoulder straps, Easy length adjustment buckles', 'MAXED OUT STORAGE: Dimension: 48 x 31 x 16 cm, Capacity: 24L', 'MORE REASONS TO LOVE YOUR MOKOBARA: Warranty type: 12 Months, Register warranty on (mokobara.com/warranty), get in touch with us @7975298840 (10:30AM - 5:30PM MON-FRI)']"
https://www.amazon.in/sspa/click?ie=UTF8&spc=MToxNTU0NTkwNzcxMDAxNzY1OjE2ODUwMzQ4NTE6c3BfbXRmOjIwMTEwMDgyMjQxMjk4OjowOjo&url=%2FRed-Lemon-Ironlook-Briefcase-Anti-Theft%2Fdp%2FB09ZYMT7V1%2Fref%3Dsr_1_108_sspa%3Fcrid%3D2M096C61O4MLT%26keywords%3Dbags%26qid%3D1685034851%26sprefix%3Dba%252Caps%252C283%26sr%3D8-108-spons%26sp_csd%3Dd2lkZ2V0TmFtZT1zcF9tdGY%26psc%3D1,"['? PREMIUM MATERIAL: Made from high quality, waterproof hard EVA material. Premium quality smooth zippers, pullers, buckles.;Special Features: Locking; Style Name: Modern', '? ORGANISED DESIGN: This backpack has one roomy spaced compartment with built in soft padded sleeve to protect laptops upto 16 inch. Separate sleeve for tablet/ Ipad. Spacious enough to hold your clothings, folders, documents etc. Also includes organised pockets to hold electronic diary, power bank, pens. mobile etc. Soft handle for better comfort. Adjustable and padded shoulder straps make it comfortable during use.', '? ANTI- THEFT DESIGN & CAPACITY: One hidden zipper pocket equips on the back to pack your money, cards, wallet. This invisible design increases the security of your belongings. Dimensions: 30 cms x 8 cms x 45 cms (LxWxH). Capacity: 11 Lit', '? USB FEATURE & TSA LOCK : External USB port with built-in charging cable enables convenient charging by connecting your power bank with your electronic devices. This backpack comes with a built-in TSA lock that gives the bag an added level of security. Helps deter thefts during travel.; ? TROLLEY STRAP : The insertible pull rod box design allows the bag to slide over the luggage handle for easy mobility during traveling.; Age Range Description: Adult; Pattern Name: Solid; Theme: Sports', 'Impact-resistant design. ID pouch, Mobile phone pouch. Zipper hidden pouch, Laptop slot, and Tablet slot. USB Charging slot on the outside. Shape-retaining construction. Water-resistant fabric. Premium leather zipper pulls. Top carry handle with leather grip. Air mesh back padding. Adjustable padded shoulder straps with metallic buckle and leather accents.']"
https://www.amazon.in/Mokobara-Backpack-litre-Brown-laptop/dp/B095PC3QPV/ref=sr_1_112?crid=2M096C61O4MLT&keywords=bags&qid=1685034851&sprefix=ba%2Caps%2C283&sr=8-112,"['CRAFTED WITH INDUSTRY BEST PREMIUM MATERIALS: Materials: Vegan leather and nylon fabric, Casing: Soft, Colour: Tan, Water resistant: Yes.', 'PADDED LAPTOP COMPARTMENT AND MAXED OUT STORAGE: Dimension: 29 x 14 x 41 cm, Capacity: 16L, Fits up to a 15.4” laptop', 'MOST FEATURE RICH BACKPACK: Vegan leather trims, Padded shoulder straps, Easy length adjustment buckle & strap lock, Hidden expandable side water bottle pocket, Luggage sleeve', 'HIDDEN MAGNETIC POCKET: Snaps close and stores your phone/passport for quick access; MORE REASONS TO LOVE YOUR MOKOBARA: Warranty type: 12 Months, Register warranty on (mokobara.com/warranty), get in touch with us @7975298840 (10:30AM - 5:30PM MON-FRI)', 'Warranty Description: 12 Months Warranty; Age Range Description: Adult; Compartment Description: Up To 16 Inches; Closure Type: Zipper; Pattern Name: Solid; Lining Description: Polyester; Color Name: Nice And Dusty']"
https://www.amazon.in/HEROZ-Backpack-Resistant-Computer-17-3-inch/dp/B083N3DCTM/ref=sr_1_114?crid=2M096C61O4MLT&keywords=bags&qid=1685034851&sprefix=ba%2Caps%2C283&sr=8-114,"['Material: Nylon, Inner Material: Polyester, Capacity: 50 Liters, Color: Grey & Navy Blue, Special Features: Back Padding, Chest Strap, Earphone Cord Support, Hip Belt, Integrated Rain Cover, Laptop Compartment, Telescope Handle, Water Bottle / Umbrella Pouch, Zip Closure, Padded Handles, Shoulder Strap', 'Age Range Description: Adult; Style Name: Country; Pattern Name: Solid; Strap Type: Cross-Body; Closure Type: Zipper; Pocket Description: Utility Pocket']"
https://www.amazon.in/sspa/click?ie=UTF8&spc=MToxNTU0NTkwNzcxMDAxNzY1OjE2ODUwMzQ4NTE6c3BfYnRmOjIwMTE2ODc5MTcxODk4OjowOjo&url=%2FRed-Lemon-Polyester-15-6-inch-Waterproof%2Fdp%2FB07XYY2FW4%2Fref%3Dsr_1_117_sspa%3Fcrid%3D2M096C61O4MLT%26keywords%3Dbags%26qid%3D1685034851%26sprefix%3Dba%252Caps%252C283%26sr%3D8-117-spons%26sp_csd%3Dd2lkZ2V0TmFtZT1zcF9idGY%26psc%3D1,"['Material: This bag is made from Nylon with polyester lining which is waterproof. Unisex backpack for men and women', 'Compartments: 4 compartments including 1 main compartment for 15.6 inch laptop, 2 zippers at side, 1 anti-theft zipper at back keeping your wallet, cards and phone safe, 2 additional water pouches, Multiple interior slot pocket for your other belonging such as notebook, tablet, phones, water bottle. USB charging slot with ear phone hole', 'Capacity: 35-45 litres capacity used for daily office goers. Also used as travelling, hiking, trekking backpack', 'Accurate air bubbles reduces excess weight and stress by 55 % on your shoulders and Back tough air mesh cushion supports your spinal during long go', 'Compartment Description: Not Laptop Compatible; Age Range Description: Adult; Special Features: Laptop Compartment']"
https://www.amazon.in/sspa/click?ie=UTF8&spc=MToxNTU0NTkwNzcxMDAxNzY1OjE2ODUwMzQ4NTE6c3BfYnRmOjIwMDYzNzg0NDU4Mjk4OjowOjo&url=%2Fuppercase-Backpack-1600EBP1-repellent-sustainable%2Fdp%2FB0B5N9TY9C%2Fref%3Dsr_1_118_sspa%3Fcrid%3D2M096C61O4MLT%26keywords%3Dbags%26qid%3D1685034851%26sprefix%3Dba%252Caps%252C283%26sr%3D8-118-spons%26sp_csd%3Dd2lkZ2V0TmFtZT1zcF9idGY%26psc%3D1,"['Padded laptop compartment fits up to 14 inch laptop, Front Access pocket & Back padding with Air mesh']"
https://www.amazon.in/ADISA-BP005-Weight-Casual-Backpack/dp/B07D8ZLTT9/ref=sr_1_122?crid=2M096C61O4MLT&keywords=bags&qid=1685034852&sprefix=ba%2Caps%2C283&sr=8-122,"['Adjustable Shoulder Handles / Two Bottle holders / Padded Handle / Reflector Logo', 'Dimensions : LxWxH- 31 x 18 x 47 cms', 'Laptop : 15.6 inches and below (Bigger than 15.6 not recommended)', 'No. of Compartments : 3 with full padding', 'NOT INCLUDED : NO RAIN COVER, Laptop, Headphones & Cable (Images only for display)']"
https://www.amazon.in/ADISA-Womens-Girls-Party-Crossbody/dp/B0B2WBJ2H8/ref=sr_1_126?crid=2M096C61O4MLT&keywords=bags&qid=1685034852&sprefix=ba%2Caps%2C283&sr=8-126,"['Outer Material: PU / Synthetic Leather', 'Closure: Magnetic', 'Pockets: 1, Compartments: 1', 'Height Adjustable Sling belt', 'Dimensions: LxWxH - 7.2 x 2.5 x 6.2 inches']"
https://www.amazon.in/Artistix-Backpack-Anti-Theft-Charging-Resistance/dp/B082PKX18C/ref=sr_1_127?crid=2M096C61O4MLT&keywords=bags&qid=1685034852&sprefix=ba%2Caps%2C283&sr=8-127,"['Fit Type: Western', 'MATERIAL: High Density Nylon, Water Resistance. Dimension: L x W x H (46 x 30 x 14 cm). Capacity: 25 Litres. No. of compartment: 1', 'FRONT STASH POCKET for small book, documents, goggle, medicines etc. TROLLEY CASE for easy to carry. AIR MESH and PU FOAM- BACK PADDING give extreme comfort. Reflective in front for night safety.', 'USB CHARGING PORT. Extended out charging port allows you to charge your phone while you are on the move. With an attached charging dock, you may connect a portable power bank with ease. 12 Months Warranty']"
https://www.amazon.in/sspa/click?ie=UTF8&spc=MTo0NjYxMzIxOTYyMzY0MjA2OjE2ODUwMzQ4NTQ6c3BfYXRmX25leHQ6MjAxMTAwODIyNDEyOTg6OjA6Og&url=%2FRed-Lemon-Ironlook-Briefcase-Anti-Theft%2Fdp%2FB09ZYMT7V1%2Fref%3Dsr_1_129_sspa%3Fcrid%3D2M096C61O4MLT%26keywords%3Dbags%26qid%3D1685034854%26sprefix%3Dba%252Caps%252C283%26sr%3D8-129-spons%26sp_csd%3Dd2lkZ2V0TmFtZT1zcF9hdGZfbmV4dA%26psc%3D1,"['? PREMIUM MATERIAL: Made from high quality, waterproof hard EVA material. Premium quality smooth zippers, pullers, buckles.;Special Features: Locking; Style Name: Modern', '? ORGANISED DESIGN: This backpack has one roomy spaced compartment with built in soft padded sleeve to protect laptops upto 16 inch. Separate sleeve for tablet/ Ipad. Spacious enough to hold your clothings, folders, documents etc. Also includes organised pockets to hold electronic diary, power bank, pens. mobile etc. Soft handle for better comfort. Adjustable and padded shoulder straps make it comfortable during use.', '? ANTI- THEFT DESIGN & CAPACITY: One hidden zipper pocket equips on the back to pack your money, cards, wallet. This invisible design increases the security of your belongings. Dimensions: 30 cms x 8 cms x 45 cms (LxWxH). Capacity: 11 Lit', '? USB FEATURE & TSA LOCK : External USB port with built-in charging cable enables convenient charging by connecting your power bank with your electronic devices. This backpack comes with a built-in TSA lock that gives the bag an added level of security. Helps deter thefts during travel.; ? TROLLEY STRAP : The insertible pull rod box design allows the bag to slide over the luggage handle for easy mobility during traveling.; Age Range Description: Adult; Pattern Name: Solid; Theme: Sports', 'Impact-resistant design. ID pouch, Mobile phone pouch. Zipper hidden pouch, Laptop slot, and Tablet slot. USB Charging slot on the outside. Shape-retaining construction. Water-resistant fabric. Premium leather zipper pulls. Top carry handle with leather grip. Air mesh back padding. Adjustable padded shoulder straps with metallic buckle and leather accents.']"
https://www.amazon.in/sspa/click?ie=UTF8&spc=MTo0NjYxMzIxOTYyMzY0MjA2OjE2ODUwMzQ4NTQ6c3BfYXRmX25leHQ6MjAxMTY4ODIxODEwOTg6OjA6Og&url=%2FRed-Lemon-Unisex-adult-Waterproof-Charging%2Fdp%2FB09VGNTDRZ%2Fref%3Dsr_1_130_sspa%3Fcrid%3D2M096C61O4MLT%26keywords%3Dbags%26qid%3D1685034854%26sprefix%3Dba%252Caps%252C283%26sr%3D8-130-spons%26sp_csd%3Dd2lkZ2V0TmFtZT1zcF9hdGZfbmV4dA%26psc%3D1,"['Closure: Zipper', 'PREMIUM MATERIAL: This stylish chest bag is made of waterproof TPU material. Comes in a shell structure with a front Rhombus design.', 'ORGANIZED DESIGN: Spaced compartment with one separate soft sleeve to hold iPad, phone, or notebook. Spacious enough to store accessories like a camera or short trip essentials. Multiple organized pockets to hold money wallet, power bank, mobile, charger, pens, cable, etc. Soft adjustable single shoulder strap to relieve the stress of shoulder. A strong sturdy handle to carry the bag with ease.', 'USB FEATURE: External USB port with built-in charging cable enables convenient charging by connecting your power bank with your electronic devices.', 'DIMENSIONS: 19 cms x 16 cms x 33 cms (LxWxH). The weight of the bag is 0.48 KG.', 'Outer Material Type: Synthetic']"
https://www.amazon.in/F-Gear-Enzo-Black-Blue-Waist-Bag/dp/B0862LXJYT/ref=sr_1_136?crid=2M096C61O4MLT&keywords=bags&qid=1685034854&sprefix=ba%2Caps%2C283&sr=8-136,"['One zippered compartment suitable for keys/napkins/wallet/mobile etc.', 'One inside pocket with two small sleeves for credit card/passport etc. This fanny pack is suitable for only 250ml bottle.', 'This fanny pack is water resistant.', 'Premium YKK Japanese Zippers& sliders with an adjustable waist strap.', 'Comes with The F Gear promise of quality and durability.']"
https://www.amazon.in/HEROZ-Backpack-Resistant-Durable-Notebook/dp/B09B7KC93T/ref=sr_1_137?crid=2M096C61O4MLT&keywords=bags&qid=1685034854&sprefix=ba%2Caps%2C283&sr=8-137,"['Style Name: Travel Backpacks; Closure Type: Zipper; Closure Type: Zipper; Style Name: Travel Backpacks', 'Pattern Name: Solid; Age Range Description: Adult; Warranty Description: 1 Year Manufecturing Warrenty; Compartment Description: Up To 16 Inches']"
https://www.amazon.in/sspa/click?ie=UTF8&spc=MTo0NjYxMzIxOTYyMzY0MjA2OjE2ODUwMzQ4NTQ6c3BfbXRmOjIwMTE3Nzk1ODc0NDk4OjowOjo&url=%2FMokobara-Backpack-Leather-Resistant-College%2Fdp%2FB09WVGDV1V%2Fref%3Dsr_1_139_sspa%3Fcrid%3D2M096C61O4MLT%26keywords%3Dbags%26qid%3D1685034854%26sprefix%3Dba%252Caps%252C283%26sr%3D8-139-spons%26sp_csd%3Dd2lkZ2V0TmFtZT1zcF9tdGY%26psc%3D1,"['CRAFTED WITH INDUSTRY BEST PREMIUM MATERIALS: Materials: Vegan leather and nylon fabric, Casing: Soft, Colour: Green, Water resistant: Yes.', 'PADDED LAPTOP COMPARTMENT AND MAXED OUT STORAGE: Dimension: 29 x 14 x 41 cm, Capacity: 16L, Fits up to a 15.4” laptop', 'MOST FEATURE RICH BACKPACK: Vegan leather trims, Padded shoulder straps, Easy length adjustment buckle & strap lock, Hidden expandable side water bottle pocket, Luggage sleeve', 'HIDDEN MAGNETIC POCKET: Snaps close and stores your phone/passport for quick access; MORE REASONS TO LOVE YOUR MOKOBARA: Warranty type: 12 Months, Register warranty on (mokobara.com/warranty), get in touch with us @7975298840 (10:30AM - 5:30PM MON-FRI)', 'Closure Type: Zipper; Color Name: Green Energy (Limited Edition); Lining Description: Polyester; Age Range Description: Adult; Pattern Name: Solid']"
https://www.amazon.in/sspa/click?ie=UTF8&spc=MTo0NjYxMzIxOTYyMzY0MjA2OjE2ODUwMzQ4NTQ6c3BfbXRmOjIwMTI0MzExMDI0ODk4OjowOjo&url=%2Fuppercase-Backpack-2300EBP1-resistant-sustainable%2Fdp%2FB0BWNCV31F%2Fref%3Dsr_1_140_sspa%3Fcrid%3D2M096C61O4MLT%26keywords%3Dbags%26qid%3D1685034854%26sprefix%3Dba%252Caps%252C283%26sr%3D8-140-spons%26sp_csd%3Dd2lkZ2V0TmFtZT1zcF9tdGY%26psc%3D1,"['Care Instructions: Wipe with Damp Cloth', 'Handcrafted with care and made up of premium quality robust material', 'Wrinkle free bag and 3x more water resistant with Rainproof zippers; Trolley sleeve to securely place the bags on the luggage', 'Right sized with sturdy stitching; Dimension: (28.2 cm x 14.1 cm x 42.2 cm); Warranty: 750 days international warranty', 'GRS certified for sustainability; The GRS (Global Recycled Standard) is intended for use with any product that contains at least 50% Recycled Material (License No. CMPY-158596)', 'Padded laptop compartment fits up to 14”, Back padding with Air mesh; Front access pocket for you to easily carry important small items with two bottle holders on the sides']"
https://www.amazon.in/Adjustable-Backpack-Charging-Resistant-Bussiness/dp/B084NZFNGS/ref=sr_1_145?crid=2M096C61O4MLT&keywords=bags&qid=1685034854&sprefix=ba%2Caps%2C283&sr=8-145,"['[41 L Expandable Original Arctic Hunter Backpack] -- Arctic Hunter original bag, 100% guarantee, two-year warranty. This arctic hunter backpack can easily expand 24L to 41L,You can choose to expand the capacity or not according to your needs, and the multifunctional backpack can be used for Long and short trips,daily,college and business, there is a 17 inch laptop pocket in the main compartment.', '[3 in 1 Convertible Business Travel bag]--Backpack,handbag,luggage bag.three modes can be converted freely,the sholder strp can be hidden,and there is a thickness handle at the side of the backpack, so it canbe used as a handbag. the Trolley Back Strap secures the bag to the trolley case, making you comfortable on the travel.', '[Multiple Pocket and Compartments]--There are three compartments and 15 pockets in this bag. The main compartment has a large pocket, wallet and power bank holder, computer and ipad pocket, you can put clothes, books, laptop and other things, the front compartment have many small pockets and can put small items, such as notebooks, pens, keys, cards. The back pocket can hold shoulder straps, books and other large items.Multiple compartments can help you store your belongings better.', '[Durable laptop comfortable bag]--Comfortable airflow back design with thick but soft multi-panel ventilated padding, gives you maximum back support. Breathable and adjustable ""S"" shoulder straps relieve the stress of shoulder.', '[Water-resistent and scratch-resistant]--Made of Water Resistant and Durable Polyester Fabric with metal zippers and durable shoulder strap buckles. Ensure a secure & long-lasting usage everyday & weekend.. Good Gift for college, high school students for boys,girls,teens,adults.']"
https://www.amazon.in/Gear-Ltrs-Casual-Backpack-MDBKPECO50504/dp/B0757K36YV/ref=sr_1_146?crid=2M096C61O4MLT&keywords=bags&qid=1685034854&sprefix=ba%2Caps%2C283&sr=8-146,"['Outer Material: Polyester, Color: Blue', 'Water Resistance: Water resistant', 'Capacity: 20 liters; Dimensions: 48 cms x 32 cms x 14 cms (LxWxH)', 'Number of compartments: 1; Laptop Compatibility: No, Strap Type: Adjustable', 'Special Features: Laptop Compartment; Closure Type: Zipper; Pocket Description: Utility Pocket; Style Name: Traditional Backpacks; Age Range Description: Adult']"
https://www.amazon.in/sspa/click?ie=UTF8&spc=MTo0NjYxMzIxOTYyMzY0MjA2OjE2ODUwMzQ4NTQ6c3BfYnRmOjIwMDkyNTI1OTc5Njk4OjowOjo&url=%2FNumber-Backpack-Compartment-Charging-Organizer%2Fdp%2FB09VTCNN75%2Fref%3Dsr_1_150_sspa%3Fcrid%3D2M096C61O4MLT%26keywords%3Dbags%26qid%3D1685034854%26sprefix%3Dba%252Caps%252C283%26sr%3D8-150-spons%26sp_csd%3Dd2lkZ2V0TmFtZT1zcF9idGY%26psc%3D1,"['Care Instructions: Wipe with Damp Cloth', 'Number Lock: This Fur Jaden Anti Theft laptop backpack comes equipped with a Number Lock. This helps keep your laptop and other belongings safe when you need to leave your bag unattended in a public space. The number lock sequence can be changed and customised by your directly.', 'USB Charging Port: Now charge your devices on the go with your new Fur Jaden backpack without the hassle of carrying a bulk power bank in your pocket/ hand at all times.', 'Ergonomic Design: This backpack has been designed to ensure equal weight distribution on your shoulders along with padded shoulder straps and breathable air mesh on the back.', 'Dimension: 42 CM (L) x 30 CM (W) x 18 CM (D). Storage Capacity: 25L. Weight: 600 Grams; Warranty: 1 Year Manufacturer Warranty against Manufacturing Defects', 'Closure Type: Zipper; Lining Description: Polyester; Age Range Description: Adult']"
https://www.amazon.in/Gear-Bounce-Backpack-Grey-Orange-BKPBOUNCE0604/dp/B097KCLF5F/ref=sr_1_146?crid=2M096C61O4MLT&keywords=bags&qid=1685034855&sprefix=ba%2Caps%2C283&sr=8-146,"['Ergonomically Designed : Spacious with Multiple Compartments & Pockets : Intuitive Access : Cushioned Back Panel & Shoulder Straps : Lightweight', 'Bartacked Load Points : Water Resistant Fabric : Heavy Duty Long Lasting Zippers', 'Outer material type: Polyester', 'Item Package Weight : 400.0 grams']"
https://www.amazon.in/Wildcraft-Casual-backpack-45L-12956/dp/B0BZVCHKTD/ref=sr_1_150?crid=2M096C61O4MLT&keywords=bags&qid=1685034855&sprefix=ba%2Caps%2C283&sr=8-150,"['Care Instructions: Hand Wash Only', 'Three compartments for better organisation, side fabric pocket for carrying a bottle, padded back system for better back support, padded shoulder straps for comfort and ease of carrying, quick-grab haul loop, multi-level organiser for storing accessories, sleeve separator, lining separator for better organisation inside the compartment.', 'Outer Material: Polyester, Color: Black and Mel, Ideal For: Men & Women', 'Water Resistance: Water resistant; Dimensions: 27 cms x 34 cms x 48 cms (LxWxH)', 'Number of compartments: 3; Laptop Compatibility: Yes, Target Audience: Unisex', 'Age Range Description: Adult; Closure Type: Zipper; Special Features: Laptop Compartment; Pocket Description: Utility Pocket']"
https://www.amazon.in/Wildcraft-Turnaround-Polyester-Laptop-8903340000000/dp/B012D4QWES/ref=sr_1_154?crid=2M096C61O4MLT&keywords=bags&qid=1685034855&sprefix=ba%2Caps%2C283&sr=8-154,"['Outer Material: Polyester, Color: Blue', 'Water Resistance: Water resistant; Dimensions: 36 cms x 13 cms x 50 cms (LxWxH)', 'Number of compartments: 3', 'Laptop Compatible: Fits up to 15.4 laptop', 'Light Weight', 'Note : Laptop compartment has no strap']"
https://www.amazon.in/Mokobara-Backpack-litre-Brown-laptop/dp/B095PC3QPV/ref=sr_1_157?crid=2M096C61O4MLT&keywords=bags&qid=1685034855&sprefix=ba%2Caps%2C283&sr=8-157,"['CRAFTED WITH INDUSTRY BEST PREMIUM MATERIALS: Materials: Vegan leather and nylon fabric, Casing: Soft, Colour: Tan, Water resistant: Yes.', 'PADDED LAPTOP COMPARTMENT AND MAXED OUT STORAGE: Dimension: 29 x 14 x 41 cm, Capacity: 16L, Fits up to a 15.4” laptop', 'MOST FEATURE RICH BACKPACK: Vegan leather trims, Padded shoulder straps, Easy length adjustment buckle & strap lock, Hidden expandable side water bottle pocket, Luggage sleeve', 'HIDDEN MAGNETIC POCKET: Snaps close and stores your phone/passport for quick access; MORE REASONS TO LOVE YOUR MOKOBARA: Warranty type: 12 Months, Register warranty on (mokobara.com/warranty), get in touch with us @7975298840 (10:30AM - 5:30PM MON-FRI)', 'Warranty Description: 12 Months Warranty; Age Range Description: Adult; Compartment Description: Up To 16 Inches; Closure Type: Zipper; Pattern Name: Solid; Lining Description: Polyester; Color Name: Nice And Dusty']"
https://www.amazon.in/sspa/click?ie=UTF8&spc=MToxMjUwMzMzMDg2NTAzMjk2OjE2ODUwMzQ4NTY6c3BfYXRmX25leHQ6MjAxMTAwODIyNDEyOTg6OjA6Og&url=%2FRed-Lemon-Ironlook-Briefcase-Anti-Theft%2Fdp%2FB09ZYMT7V1%2Fref%3Dsr_1_161_sspa%3Fcrid%3D2M096C61O4MLT%26keywords%3Dbags%26qid%3D1685034856%26sprefix%3Dba%252Caps%252C283%26sr%3D8-161-spons%26sp_csd%3Dd2lkZ2V0TmFtZT1zcF9hdGZfbmV4dA%26psc%3D1,"['? PREMIUM MATERIAL: Made from high quality, waterproof hard EVA material. Premium quality smooth zippers, pullers, buckles.;Special Features: Locking; Style Name: Modern', '? ORGANISED DESIGN: This backpack has one roomy spaced compartment with built in soft padded sleeve to protect laptops upto 16 inch. Separate sleeve for tablet/ Ipad. Spacious enough to hold your clothings, folders, documents etc. Also includes organised pockets to hold electronic diary, power bank, pens. mobile etc. Soft handle for better comfort. Adjustable and padded shoulder straps make it comfortable during use.', '? ANTI- THEFT DESIGN & CAPACITY: One hidden zipper pocket equips on the back to pack your money, cards, wallet. This invisible design increases the security of your belongings. Dimensions: 30 cms x 8 cms x 45 cms (LxWxH). Capacity: 11 Lit', '? USB FEATURE & TSA LOCK : External USB port with built-in charging cable enables convenient charging by connecting your power bank with your electronic devices. This backpack comes with a built-in TSA lock that gives the bag an added level of security. Helps deter thefts during travel.; ? TROLLEY STRAP : The insertible pull rod box design allows the bag to slide over the luggage handle for easy mobility during traveling.; Age Range Description: Adult; Pattern Name: Solid; Theme: Sports', 'Impact-resistant design. ID pouch, Mobile phone pouch. Zipper hidden pouch, Laptop slot, and Tablet slot. USB Charging slot on the outside. Shape-retaining construction. Water-resistant fabric. Premium leather zipper pulls. Top carry handle with leather grip. Air mesh back padding. Adjustable padded shoulder straps with metallic buckle and leather accents.']"
https://www.amazon.in/sspa/click?ie=UTF8&spc=MToxMjUwMzMzMDg2NTAzMjk2OjE2ODUwMzQ4NTY6c3BfYXRmX25leHQ6MjAxMTY4ODIxODEwOTg6OjA6Og&url=%2FRed-Lemon-Unisex-adult-Waterproof-Charging%2Fdp%2FB09VGNTDRZ%2Fref%3Dsr_1_162_sspa%3Fcrid%3D2M096C61O4MLT%26keywords%3Dbags%26qid%3D1685034856%26sprefix%3Dba%252Caps%252C283%26sr%3D8-162-spons%26sp_csd%3Dd2lkZ2V0TmFtZT1zcF9hdGZfbmV4dA%26psc%3D1,"['Closure: Zipper', 'PREMIUM MATERIAL: This stylish chest bag is made of waterproof TPU material. Comes in a shell structure with a front Rhombus design.', 'ORGANIZED DESIGN: Spaced compartment with one separate soft sleeve to hold iPad, phone, or notebook. Spacious enough to store accessories like a camera or short trip essentials. Multiple organized pockets to hold money wallet, power bank, mobile, charger, pens, cable, etc. Soft adjustable single shoulder strap to relieve the stress of shoulder. A strong sturdy handle to carry the bag with ease.', 'USB FEATURE: External USB port with built-in charging cable enables convenient charging by connecting your power bank with your electronic devices.', 'DIMENSIONS: 19 cms x 16 cms x 33 cms (LxWxH). The weight of the bag is 0.48 KG.', 'Outer Material Type: Synthetic']"
https://www.amazon.in/WILD-MODA-Womens-Shoulder-Turquoise/dp/B099PLT91X/ref=sr_1_164?crid=2M096C61O4MLT&keywords=bags&qid=1685034856&sprefix=ba%2Caps%2C283&sr=8-164,"['Ample Compartments : The handbag will fulfil all your storage needs with its 3 big compartments and 6 pockets having a capacity of holding 20L of weight. The spacious compartments can keep all your stuff from your ipad, and smartphone to your kid’s diapers or your makeup kit and the side pocket can keep your water bottle or umbrella and take them out anytime without the need of opening and closing the zipper lock every time.', 'High-quality Polyester : he stylish bag is constructed in premium quality waterproof polyester material which makes it a durable option. You can carry all your stuff with ease as the high-quality material of the bag ensures no breakage or damage to the bag due to weight. The waterproof material saves all your stuff from getting wet and the imported quality zippers ensure that they will not break or lose their shine even after continuous usage.', ""Soft Fabric : As the bag's fabric is so comfortable to the touch, carrying it won't bother you. The shoulder straps of the bag are made from extra soft material which makes sure that the straps do not cause any itching or irritation even after continuous usage. So, you don't have to be concerned about the straps hurting your shoulders."", ""Classy and Stylish : The solid finish of the bag gives it a dash of style and class. You can take it anywhere from parties to the office and the bag will be your best style buddy everywhere. No matter if you are an office-going girl or a college girl, you can make a style statement with this bag. Every girl's wardrobe needs this bag because of its flawless finish, which elevates it to must-have status."", ""Light Feel : Even with all of your belongings inside this high-quality bag, which weighs only 400 grams and won't add to your burden when carried, you'll feel light. The shoulder straps of the bag make sure that it rests perfectly on your shoulders and you don't feel too much weight ensuring that even after carrying the bag for hours, your shoulders won't feel any pain on your shoulders."", 'Warranty: 6 months domestic warranty on manufacturing defects, Covered in Warranty: Zippers & Sliders, Not Covered in Warranty:Cloth Material, Care Instructions: Do not expose to extreme heat']"
https://www.amazon.in/Half-Moon-Waterproof-Backpack-Grey/dp/B09688CSCZ/ref=sr_1_168?crid=2M096C61O4MLT&keywords=bags&qid=1685034856&sprefix=ba%2Caps%2C283&sr=8-168,"['SPACIOUS AND LIGHTWEIGHT: Light weight & spacious laptop bag for men comes with 3 compartments. One is for carrying laptop inside (Upto 17""), with padding for safety, and space for laptop accessories like charger, etc. Second compartment of office bag for men is for books, files & all your day to day essentials. And third compartment of backpack for men is for your extra stuff. Laptop backpacks for men has provision for holding bottles on both sides & has padded shoulder straps for your comfort', 'COMFORT WITH QUALITY: This backpack for men has Wide, Padded & Adjustable shoulder straps & Padded Back for comfort in carrying heavy items. The laptop bag for men is stitched properly & Bartacks on every pressure point for extra durability. The office bag for men are made with strong yet light weight polyester fabric with heavy zippers. College Bags for men also comes with a Rain cover so that you can travel during rainy season without any problem. This laptop bag can be used by everyone.', 'SMART & TRENDY LOOKS: This Large backpack for men is smart, trendy and stylish in looks. The multipurpose college bags for men looks smart, athletic and venturesome and the blend of grey and red makes it appear exquisite. Your hiking trips, mountaineering experience cannot get completed without this amazing trekking backpack. PREMIUM FABRIC : Premium Polyester, Stylish and durable backpack for school /college and travel. Easily accommodate a laptop. Size: 45 cm X 31 cm X 22 cm', 'ENDURING & LONG LASTING: This trekking backpack for men/laptop bag for men is made up of highly durable material, which makes it suitable for all weather conditions including rains & extreme scorching heat. It will not only keep the inside stuff safe but will also resist damage to itself. INTERNAL ORGANISER: This backpack has an Organiser that is small pockets inside the front compartment for holding pens, ID cards, etc. These pockets are very useful in organizing your small day-to-day items.', 'OTHER FEATURES OF LAPTOP BAG FOR MEN: The office bag for men / office bag for women has Internal Organiser, Adjustable Shoulder Handles (Straps) , 2 Bottle/Umbrella holders , Padded Handle , Padded Laptop Compartment , Reflector Logo.']"
https://www.amazon.in/DZert-Girls-Polyester-White-Backpack/dp/B07H1BPCGQ/ref=sr_1_170?crid=2M096C61O4MLT&keywords=bags&qid=1685034856&sprefix=ba%2Caps%2C283&sr=8-170,"['Capicity: 21 Litres, Weight: 0.4kg; Dimensions: 45cmX29cmX16cm; Outer Material: Polyester; Inner Material: Polyester', 'Water Repellent: Yes; Laptop Compartment: Yes ; Compartments: 2,one front pocket to hold essentials and A mesh stash pocket on one side to accommodate a drinking bottle & other accessories.', 'Utility: Office, College, School, Camping, Weekend trip, Day trip', 'Accessories shown in the picture are not part of the bag.', 'Style Name: Daypack Backpacks; Pocket Description: Utility Pocket; Strap Type: Shoulder Strap; Warranty Description: No Warranty; Age Range Description: Kid; Water Resistance Level: Water Resistant; Color Name: Nvy Blu-Wht; Closure Type: Zipper']"
https://www.amazon.in/sspa/click?ie=UTF8&spc=MToxMjUwMzMzMDg2NTAzMjk2OjE2ODUwMzQ4NTY6c3BfbXRmOjIwMTE3Nzk1ODc0NDk4OjowOjo&url=%2FMokobara-Backpack-Leather-Resistant-College%2Fdp%2FB09WVGDV1V%2Fref%3Dsr_1_171_sspa%3Fcrid%3D2M096C61O4MLT%26keywords%3Dbags%26qid%3D1685034856%26sprefix%3Dba%252Caps%252C283%26sr%3D8-171-spons%26sp_csd%3Dd2lkZ2V0TmFtZT1zcF9tdGY%26psc%3D1,"['CRAFTED WITH INDUSTRY BEST PREMIUM MATERIALS: Materials: Vegan leather and nylon fabric, Casing: Soft, Colour: Green, Water resistant: Yes.', 'PADDED LAPTOP COMPARTMENT AND MAXED OUT STORAGE: Dimension: 29 x 14 x 41 cm, Capacity: 16L, Fits up to a 15.4” laptop', 'MOST FEATURE RICH BACKPACK: Vegan leather trims, Padded shoulder straps, Easy length adjustment buckle & strap lock, Hidden expandable side water bottle pocket, Luggage sleeve', 'HIDDEN MAGNETIC POCKET: Snaps close and stores your phone/passport for quick access; MORE REASONS TO LOVE YOUR MOKOBARA: Warranty type: 12 Months, Register warranty on (mokobara.com/warranty), get in touch with us @7975298840 (10:30AM - 5:30PM MON-FRI)', 'Closure Type: Zipper; Color Name: Green Energy (Limited Edition); Lining Description: Polyester; Age Range Description: Adult; Pattern Name: Solid']"
https://www.amazon.in/sspa/click?ie=UTF8&spc=MToxMjUwMzMzMDg2NTAzMjk2OjE2ODUwMzQ4NTY6c3BfbXRmOjIwMTI0MzExMDI0ODk4OjowOjo&url=%2Fuppercase-Backpack-2300EBP1-resistant-sustainable%2Fdp%2FB0BWNCV31F%2Fref%3Dsr_1_172_sspa%3Fcrid%3D2M096C61O4MLT%26keywords%3Dbags%26qid%3D1685034856%26sprefix%3Dba%252Caps%252C283%26sr%3D8-172-spons%26sp_csd%3Dd2lkZ2V0TmFtZT1zcF9tdGY%26psc%3D1,"['Care Instructions: Wipe with Damp Cloth', 'Handcrafted with care and made up of premium quality robust material', 'Wrinkle free bag and 3x more water resistant with Rainproof zippers; Trolley sleeve to securely place the bags on the luggage', 'Right sized with sturdy stitching; Dimension: (28.2 cm x 14.1 cm x 42.2 cm); Warranty: 750 days international warranty', 'GRS certified for sustainability; The GRS (Global Recycled Standard) is intended for use with any product that contains at least 50% Recycled Material (License No. CMPY-158596)', 'Padded laptop compartment fits up to 14”, Back padding with Air mesh; Front access pocket for you to easily carry important small items with two bottle holders on the sides']"
https://www.amazon.in/sspa/click?ie=UTF8&spc=MToxMjUwMzMzMDg2NTAzMjk2OjE2ODUwMzQ4NTY6c3BfYnRmOjIwMTEwMTgxNTEwOTk4OjowOjo&url=%2FMokobara-Backpack-Leather-Resistant-Laptop%2Fdp%2FB0B7X81X69%2Fref%3Dsr_1_181_sspa%3Fcrid%3D2M096C61O4MLT%26keywords%3Dbags%26qid%3D1685034856%26sprefix%3Dba%252Caps%252C283%26sr%3D8-181-spons%26sp_csd%3Dd2lkZ2V0TmFtZT1zcF9idGY%26psc%3D1,"['CRAFTED WITH INDUSTRY BEST PREMIUM MATERIALS: Materials: Vegan leather and nylon fabric, Casing: Soft, Colour: Black, Water resistant: Yes; INDUSTRY BEST BACKPACK STORAGE: 45 x 31 x 13.5 cm Dimensions, 19L Capacity, Fits upto a 16” laptop', 'FLAT OPENING TECH COMPARTMENT: 5 pockets to store your iPad, adapters and other tech accessories, Padded laptop compartment with lock strap', 'MOST FEATURE RICH BACKPACK: USB Port:1, Power bank not included, Front compartment: slip pockets, pen pockets, zippered pockets, Expandable body, Hidden magnetic passport/phone pocket, Luggage sleeve, Hidden expandable water bottle/umbrella pocket', 'MORE REASONS TO LOVE YOUR MOKOBARA: Warranty type: 12 Months, Register warranty on (mokobara.com/warranty), get in touch with us @7975298840 (10:30AM - 5:30PM MON-FRI)', 'Lining Description: Polyester; Style Name: Casual; Strap Type: Shoulder Strap; Pattern Name: Solid; Color Name: Crypto; Age Range Description: Adult']"
https://www.amazon.in/sspa/click?ie=UTF8&spc=MTo3ODk2NjcyMTAxMzc1NzA0OjE2ODUwMzQ4NTc6c3BfYXRmX25leHQ6MjAxMTAxODE1MTExOTg6OjA6Og&url=%2FMOKOBARA-TSBPK12CND22001-Backpack-Modern-Love%2Fdp%2FB08T1769X9%2Fref%3Dsr_1_177_sspa%3Fcrid%3D2M096C61O4MLT%26keywords%3Dbags%26qid%3D1685034857%26sprefix%3Dba%252Caps%252C283%26sr%3D8-177-spons%26sp_csd%3Dd2lkZ2V0TmFtZT1zcF9hdGZfbmV4dA%26psc%3D1,"['CRAFTED WITH INDUSTRY BEST PREMIUM MATERIALS: Materials: Vegan leather and nylon fabric, Casing: Soft, Colour: Pink and Grey, Water resistant: Yes', 'PADDED LAPTOP COMPARTMENT AND MAXED OUT STORAGE: Dimension: 29 x 14 x 41 cm, Capacity: 16L, Fits up to a 15.4” laptop', 'MOST FEATURE RICH BACKPACK: Vegan leather trims, Padded shoulder straps, Easy length adjustment buckle & strap lock, Hidden expandable side water bottle pocket, Luggage sleeve.', 'HIDDEN MAGNETIC POCKET: Snaps close and stores your phone/passport for quick access; MORE REASONS TO LOVE YOUR MOKOBARA: Warranty type: 12 Months, Register warranty on (mokobara.com/warranty), get in touch with us @7975298840 (10:30AM - 5:30PM MON-FRI)', 'Compartment Description: Up To 16 Inches; Pattern Name: Solid; Color Name: Modern Love; Lining Description: Polyester; Closure Type: Zipper; Warranty Description: 12 Months Warranty; Age Range Description: Adult']"
https://www.amazon.in/sspa/click?ie=UTF8&spc=MTo3ODk2NjcyMTAxMzc1NzA0OjE2ODUwMzQ4NTc6c3BfYXRmX25leHQ6MjAxMTY4ODIxODEwOTg6OjA6Og&url=%2FRed-Lemon-Unisex-adult-Waterproof-Charging%2Fdp%2FB09VGNTDRZ%2Fref%3Dsr_1_178_sspa%3Fcrid%3D2M096C61O4MLT%26keywords%3Dbags%26qid%3D1685034857%26sprefix%3Dba%252Caps%252C283%26sr%3D8-178-spons%26sp_csd%3Dd2lkZ2V0TmFtZT1zcF9hdGZfbmV4dA%26psc%3D1,"['Closure: Zipper', 'PREMIUM MATERIAL: This stylish chest bag is made of waterproof TPU material. Comes in a shell structure with a front Rhombus design.', 'ORGANIZED DESIGN: Spaced compartment with one separate soft sleeve to hold iPad, phone, or notebook. Spacious enough to store accessories like a camera or short trip essentials. Multiple organized pockets to hold money wallet, power bank, mobile, charger, pens, cable, etc. Soft adjustable single shoulder strap to relieve the stress of shoulder. A strong sturdy handle to carry the bag with ease.', 'USB FEATURE: External USB port with built-in charging cable enables convenient charging by connecting your power bank with your electronic devices.', 'DIMENSIONS: 19 cms x 16 cms x 33 cms (LxWxH). The weight of the bag is 0.48 KG.', 'Outer Material Type: Synthetic']"
https://www.amazon.in/Lino-Perros-yellow-shoulder-WHITE/dp/B09MRY9BQ7/ref=sr_1_182?crid=2M096C61O4MLT&keywords=bags&qid=1685034857&sprefix=ba%2Caps%2C283&sr=8-182,"['Handbag', 'ladies', 'stylish', 'shoulder bag', 'latest']"
https://www.amazon.in/ASIAN-Sling-Bag-women-Handmade/dp/B09SXRZ7FW/ref=sr_1_184?crid=2M096C61O4MLT&keywords=bags&qid=1685034857&sprefix=ba%2Caps%2C283&sr=8-184,"['Closure: Zipper', 'COMPATIBILITY: Use this Sling Bags on all your casual occasions like Lunch Date, Shopping, Casual Outing, Parties etc. It can fit a phone, chrger, power bank, makeup, keys, pen, passport etc. A great gift for all the women.', 'SPECIFICATIONS: This Sling bag comes with a Metallic Zip Closure for its compartments. This bags has a single large compartment to fit in all your accessories. It also has a small pocket at the back for coins, tickets, bills etc. with a long adjustable shoulder strap.', 'MATERIAL: Made of India. The Bags used is 100% Jute , making it a cruelty-free and a responsible product. The inside has a water resistant lining. All products are handmade, with a running fabric and hence the exact print on the product might slightly differ from the photos.', 'STYLING: Team this Sling with your Casual or Traditional Wear for any occasion, it is surely going to enhance your look and make you stand out.; ABOUT US: ASIAN is a Proudly Indian and 100% Jute & Shoes brand. Our Laptop Bag stands for Style and Function, with an Essence of India. Couple of our bags were featured in the popular Netflix series Little Things 3. All our bags are handcrafted by expert artisans in our own manufacturing facility.', 'Purpose: - Use this Sling Bags on all your casual occasions like Lunch Date, Shopping, Casual Outing, Parties etc. It can fit a phone, chrger, power bank, makeup, keys, pen, passport etc. A great gift for all the women.', 'Strong & Sturdy: Handbags are designed with a smooth zipper closure making them ideal for storing your stuff securely. These are given double stitched stress points with strong shoulder straps which can be adjusted accordingly. A great choice for all your formal and casual parties.']"
https://www.amazon.in/sspa/click?ie=UTF8&spc=MTo3ODk2NjcyMTAxMzc1NzA0OjE2ODUwMzQ4NTc6c3BfbXRmOjIwMTEwMDgyMjQxMjk4OjowOjo&url=%2FRed-Lemon-Ironlook-Briefcase-Anti-Theft%2Fdp%2FB09ZYMT7V1%2Fref%3Dsr_1_187_sspa%3Fcrid%3D2M096C61O4MLT%26keywords%3Dbags%26qid%3D1685034857%26sprefix%3Dba%252Caps%252C283%26sr%3D8-187-spons%26sp_csd%3Dd2lkZ2V0TmFtZT1zcF9tdGY%26psc%3D1,"['? PREMIUM MATERIAL: Made from high quality, waterproof hard EVA material. Premium quality smooth zippers, pullers, buckles.;Special Features: Locking; Style Name: Modern', '? ORGANISED DESIGN: This backpack has one roomy spaced compartment with built in soft padded sleeve to protect laptops upto 16 inch. Separate sleeve for tablet/ Ipad. Spacious enough to hold your clothings, folders, documents etc. Also includes organised pockets to hold electronic diary, power bank, pens. mobile etc. Soft handle for better comfort. Adjustable and padded shoulder straps make it comfortable during use.', '? ANTI- THEFT DESIGN & CAPACITY: One hidden zipper pocket equips on the back to pack your money, cards, wallet. This invisible design increases the security of your belongings. Dimensions: 30 cms x 8 cms x 45 cms (LxWxH). Capacity: 11 Lit', '? USB FEATURE & TSA LOCK : External USB port with built-in charging cable enables convenient charging by connecting your power bank with your electronic devices. This backpack comes with a built-in TSA lock that gives the bag an added level of security. Helps deter thefts during travel.; ? TROLLEY STRAP : The insertible pull rod box design allows the bag to slide over the luggage handle for easy mobility during traveling.; Age Range Description: Adult; Pattern Name: Solid; Theme: Sports', 'Impact-resistant design. ID pouch, Mobile phone pouch. Zipper hidden pouch, Laptop slot, and Tablet slot. USB Charging slot on the outside. Shape-retaining construction. Water-resistant fabric. Premium leather zipper pulls. Top carry handle with leather grip. Air mesh back padding. Adjustable padded shoulder straps with metallic buckle and leather accents.']"
https://www.amazon.in/sspa/click?ie=UTF8&spc=MTo3ODk2NjcyMTAxMzc1NzA0OjE2ODUwMzQ4NTc6c3BfbXRmOjIwMTI0MzExMDI0ODk4OjowOjo&url=%2Fuppercase-Backpack-2300EBP1-resistant-sustainable%2Fdp%2FB0BWNCV31F%2Fref%3Dsr_1_188_sspa%3Fcrid%3D2M096C61O4MLT%26keywords%3Dbags%26qid%3D1685034857%26sprefix%3Dba%252Caps%252C283%26sr%3D8-188-spons%26sp_csd%3Dd2lkZ2V0TmFtZT1zcF9tdGY%26psc%3D1,"['Care Instructions: Wipe with Damp Cloth', 'Handcrafted with care and made up of premium quality robust material', 'Wrinkle free bag and 3x more water resistant with Rainproof zippers; Trolley sleeve to securely place the bags on the luggage', 'Right sized with sturdy stitching; Dimension: (28.2 cm x 14.1 cm x 42.2 cm); Warranty: 750 days international warranty', 'GRS certified for sustainability; The GRS (Global Recycled Standard) is intended for use with any product that contains at least 50% Recycled Material (License No. CMPY-158596)', 'Padded laptop compartment fits up to 14”, Back padding with Air mesh; Front access pocket for you to easily carry important small items with two bottle holders on the sides']"
https://www.amazon.in/Cosmus-Casual-Backpack-Charger-College/dp/B08D7D21FV/ref=sr_1_193?crid=2M096C61O4MLT&keywords=bags&qid=1685034857&sprefix=ba%2Caps%2C283&sr=8-193,"['MADE IN INDIA : We Made this Elegant Laptop Bag in Our own Factory located in Mumbai. We offer 1 Year Manufacturer Warranty FREE NO-TOUCH DOOR OPENER: This Door Opener Keychain can be used to avoid touching surfaces contactless. Use it on door handles, ATM keypads, elevators, retail checkout payment pads etc; Closure Type: Zipper Snap; Pattern Name: Solid; Age Range Description: Adult; Pattern Name: Solid; Age Range Description: Adult; Closure Type: Zipper Snap', 'Water Resistance Level: Water Resistant; Warranty Description: Cosmus Branded Backpack Comes With One Year Manufacturer Warranty.; Compartment Description: Up To 15 Inches; Strap Type: Adjustable Handle; Style Name: Casual Backpack', 'Special Features: Usb Port; Lining Description: Polyester; Material Type: Polyester']"
https://www.amazon.in/Fostelo-CATLIN-Womens-Handbag-Maroon/dp/B079MD5F7R/ref=sr_1_196?crid=2M096C61O4MLT&keywords=bags&qid=1685034857&sprefix=ba%2Caps%2C283&sr=8-196,"['Material: Our premium handbags are made of faux leather. They will make a good pair for both your formal and casual outfits giving you an elite, classy look. Our bags are long-lasting and durable hence will accompany you for a long period.', 'For Everyone: No matter if you are a college student or a working professional, our bag is a perfect fit for everyone. Our stylish yet prime finish will make sure to be your shopping bag, office bag, picnic bag and whatnot. If you are looking for one shop solution then go for this bag.', 'Spacious and Roomy: Fostelo handbag looks compact but is roomy. You will have enough space to keep all your essentials. This Faux leather handbag contains 3 main pockets, 1 interior middle zipper pocket and 1 exterior back zipper pocket that can comfortably hold iPhone, iPad, wallet, cosmetics, umbrella, books, tiffin box, and so on.', 'Lightweight: Faux Leather bags are not only classy but also lightweight. Our Handbag will not be heavy on your shoulder or hand. You can carry them for a long duration without hurting yourself. That being said, they are also strong and can handle the possible amount of weight you put in.', 'Extra Add-ons: Warranty :- 1 Year Warranty On Manufacturing Defects. 100% Quality Assured. Dimensions (In Inches) :- 9"" Tall X 14"" Wide X 4"" Deep Compartments :- 3 Zip Compartments And 1 Back Zip Pocket Material :-100% PU | Colour :- Maroon']"
https://www.amazon.in/sspa/click?ie=UTF8&spc=MTo3ODk2NjcyMTAxMzc1NzA0OjE2ODUwMzQ4NTc6c3BfYnRmOjIwMTEwMTgxNTEwOTk4OjowOjo&url=%2FMokobara-Backpack-Leather-Resistant-Laptop%2Fdp%2FB0B7X81X69%2Fref%3Dsr_1_197_sspa%3Fcrid%3D2M096C61O4MLT%26keywords%3Dbags%26qid%3D1685034857%26sprefix%3Dba%252Caps%252C283%26sr%3D8-197-spons%26sp_csd%3Dd2lkZ2V0TmFtZT1zcF9idGY%26psc%3D1,"['CRAFTED WITH INDUSTRY BEST PREMIUM MATERIALS: Materials: Vegan leather and nylon fabric, Casing: Soft, Colour: Black, Water resistant: Yes; INDUSTRY BEST BACKPACK STORAGE: 45 x 31 x 13.5 cm Dimensions, 19L Capacity, Fits upto a 16” laptop', 'FLAT OPENING TECH COMPARTMENT: 5 pockets to store your iPad, adapters and other tech accessories, Padded laptop compartment with lock strap', 'MOST FEATURE RICH BACKPACK: USB Port:1, Power bank not included, Front compartment: slip pockets, pen pockets, zippered pockets, Expandable body, Hidden magnetic passport/phone pocket, Luggage sleeve, Hidden expandable water bottle/umbrella pocket', 'MORE REASONS TO LOVE YOUR MOKOBARA: Warranty type: 12 Months, Register warranty on (mokobara.com/warranty), get in touch with us @7975298840 (10:30AM - 5:30PM MON-FRI)', 'Lining Description: Polyester; Style Name: Casual; Strap Type: Shoulder Strap; Pattern Name: Solid; Color Name: Crypto; Age Range Description: Adult']"
https://www.amazon.in/sspa/click?ie=UTF8&spc=MTo4NzMxOTUxOTg4ODAyMTM1OjE2ODUwMzQ4NTk6c3BfYXRmX25leHQ6MjAxMjQzMTEwMjQ4OTg6OjA6Og&url=%2Fuppercase-Backpack-2300EBP1-resistant-sustainable%2Fdp%2FB0BWNCV31F%2Fref%3Dsr_1_193_sspa%3Fcrid%3D2M096C61O4MLT%26keywords%3Dbags%26qid%3D1685034859%26sprefix%3Dba%252Caps%252C283%26sr%3D8-193-spons%26sp_csd%3Dd2lkZ2V0TmFtZT1zcF9hdGZfbmV4dA%26psc%3D1,"['Care Instructions: Wipe with Damp Cloth', 'Handcrafted with care and made up of premium quality robust material', 'Wrinkle free bag and 3x more water resistant with Rainproof zippers; Trolley sleeve to securely place the bags on the luggage', 'Right sized with sturdy stitching; Dimension: (28.2 cm x 14.1 cm x 42.2 cm); Warranty: 750 days international warranty', 'GRS certified for sustainability; The GRS (Global Recycled Standard) is intended for use with any product that contains at least 50% Recycled Material (License No. CMPY-158596)', 'Padded laptop compartment fits up to 14”, Back padding with Air mesh; Front access pocket for you to easily carry important small items with two bottle holders on the sides']"
https://www.amazon.in/sspa/click?ie=UTF8&spc=MTo4NzMxOTUxOTg4ODAyMTM1OjE2ODUwMzQ4NTk6c3BfYXRmX25leHQ6MjAxMTAxODE1MTExOTg6OjA6Og&url=%2FMOKOBARA-TSBPK12CND22001-Backpack-Modern-Love%2Fdp%2FB08T1769X9%2Fref%3Dsr_1_194_sspa%3Fcrid%3D2M096C61O4MLT%26keywords%3Dbags%26qid%3D1685034859%26sprefix%3Dba%252Caps%252C283%26sr%3D8-194-spons%26sp_csd%3Dd2lkZ2V0TmFtZT1zcF9hdGZfbmV4dA%26psc%3D1,"['CRAFTED WITH INDUSTRY BEST PREMIUM MATERIALS: Materials: Vegan leather and nylon fabric, Casing: Soft, Colour: Pink and Grey, Water resistant: Yes', 'PADDED LAPTOP COMPARTMENT AND MAXED OUT STORAGE: Dimension: 29 x 14 x 41 cm, Capacity: 16L, Fits up to a 15.4” laptop', 'MOST FEATURE RICH BACKPACK: Vegan leather trims, Padded shoulder straps, Easy length adjustment buckle & strap lock, Hidden expandable side water bottle pocket, Luggage sleeve.', 'HIDDEN MAGNETIC POCKET: Snaps close and stores your phone/passport for quick access; MORE REASONS TO LOVE YOUR MOKOBARA: Warranty type: 12 Months, Register warranty on (mokobara.com/warranty), get in touch with us @7975298840 (10:30AM - 5:30PM MON-FRI)', 'Compartment Description: Up To 16 Inches; Pattern Name: Solid; Color Name: Modern Love; Lining Description: Polyester; Closure Type: Zipper; Warranty Description: 12 Months Warranty; Age Range Description: Adult']"
https://www.amazon.in/Martucci-Waterproof-Backpack-College-Business/dp/B0BRJRVH6D/ref=sr_1_196?crid=2M096C61O4MLT&keywords=bags&qid=1685034859&sprefix=ba%2Caps%2C283&sr=8-196,"['Durability & Design: 45L Laptop Backpack 2 Large Compartments, 1 Easy access front Pocket with1 Mesh Side Bottle Pocket and Phone Pocket. Fabric: Light weight polyester fabric with heavy zippers. Serves the need of a professional office laptop bag, college bag, student backpack, school bag and is suitable for all boys, girls, men and women.', 'FEATURES: Laptop Compartment (can carry laptops of size 15.6 & 18 inches),', 'Ergonomic Design: Thick cushioning around the shoulders and on the back panel makes the backpack super light and comfortable on the move. “S” Shaped shoulder strap distribute the weight of the backpack across your upper body.', 'FABRIC : Polyester, Closure Type: Zipper, Gender: Unisex Size: 20 inch X 14 inch X 8 inch.']"
https://www.amazon.in/Amazon-Basics-Casual-Backpack-15-6-inch/dp/B09W4WJ1CB/ref=sr_1_197?crid=2M096C61O4MLT&keywords=bags&qid=1685034859&sprefix=ba%2Caps%2C283&sr=8-197,"['Ease off your shoulders with the AmazonBasics- Casual Backpack that helps carry laptops and other essentials comfortably', '1 large compartment for keeping a laptop', 'The compartment can also be used for carrying personal belongings, other digital devices, books, notepads, etc.', 'Easily accessible front pocket for storing smaller items like phones, business cards, etc.', 'Made from water-resistant polyester fabric', 'Comfortable cushioned shoulder straps', 'Padded compartment at the back to support laptop', 'Dimensions and Weight: 45 cm (L) X 32 cm (B) X 13 cm (H); 0.460 grams']"
https://www.amazon.in/sspa/click?ie=UTF8&spc=MTo4NzMxOTUxOTg4ODAyMTM1OjE2ODUwMzQ4NTk6c3BfbXRmOjIwMTEwMDgyMjQxMjk4OjowOjo&url=%2FRed-Lemon-Ironlook-Briefcase-Anti-Theft%2Fdp%2FB09ZYMT7V1%2Fref%3Dsr_1_204_sspa%3Fcrid%3D2M096C61O4MLT%26keywords%3Dbags%26qid%3D1685034859%26sprefix%3Dba%252Caps%252C283%26sr%3D8-204-spons%26sp_csd%3Dd2lkZ2V0TmFtZT1zcF9tdGY%26psc%3D1,"['? PREMIUM MATERIAL: Made from high quality, waterproof hard EVA material. Premium quality smooth zippers, pullers, buckles.;Special Features: Locking; Style Name: Modern', '? ORGANISED DESIGN: This backpack has one roomy spaced compartment with built in soft padded sleeve to protect laptops upto 16 inch. Separate sleeve for tablet/ Ipad. Spacious enough to hold your clothings, folders, documents etc. Also includes organised pockets to hold electronic diary, power bank, pens. mobile etc. Soft handle for better comfort. Adjustable and padded shoulder straps make it comfortable during use.', '? ANTI- THEFT DESIGN & CAPACITY: One hidden zipper pocket equips on the back to pack your money, cards, wallet. This invisible design increases the security of your belongings. Dimensions: 30 cms x 8 cms x 45 cms (LxWxH). Capacity: 11 Lit', '? USB FEATURE & TSA LOCK : External USB port with built-in charging cable enables convenient charging by connecting your power bank with your electronic devices. This backpack comes with a built-in TSA lock that gives the bag an added level of security. Helps deter thefts during travel.; ? TROLLEY STRAP : The insertible pull rod box design allows the bag to slide over the luggage handle for easy mobility during traveling.; Age Range Description: Adult; Pattern Name: Solid; Theme: Sports', 'Impact-resistant design. ID pouch, Mobile phone pouch. Zipper hidden pouch, Laptop slot, and Tablet slot. USB Charging slot on the outside. Shape-retaining construction. Water-resistant fabric. Premium leather zipper pulls. Top carry handle with leather grip. Air mesh back padding. Adjustable padded shoulder straps with metallic buckle and leather accents.']"
https://www.amazon.in/sspa/click?ie=UTF8&spc=MTo4NzMxOTUxOTg4ODAyMTM1OjE2ODUwMzQ4NTk6c3BfYnRmOjIwMDYzNzg0NDU4Mjk4OjowOjo&url=%2Fuppercase-Backpack-1600EBP1-repellent-sustainable%2Fdp%2FB0B5N9TY9C%2Fref%3Dsr_1_213_sspa%3Fcrid%3D2M096C61O4MLT%26keywords%3Dbags%26qid%3D1685034859%26sprefix%3Dba%252Caps%252C283%26sr%3D8-213-spons%26sp_csd%3Dd2lkZ2V0TmFtZT1zcF9idGY%26psc%3D1,"['Padded laptop compartment fits up to 14 inch laptop, Front Access pocket & Back padding with Air mesh']"
https://www.amazon.in/sspa/click?ie=UTF8&spc=MTo4NzMxOTUxOTg4ODAyMTM1OjE2ODUwMzQ4NTk6c3BfYnRmOjIwMTEzNzg4MTc0OTk4OjowOjo&url=%2FHEROZ-Hammer-Backpack-Resistant-Durable%2Fdp%2FB07M82M8G7%2Fref%3Dsr_1_214_sspa%3Fcrid%3D2M096C61O4MLT%26keywords%3Dbags%26qid%3D1685034859%26sprefix%3Dba%252Caps%252C283%26sr%3D8-214-spons%26sp_csd%3Dd2lkZ2V0TmFtZT1zcF9idGY%26psc%3D1%26smid%3DAGHKR430JFM4U,"['Material: Nylon, Inner Material: Polyester, Capacity: 50 Liters, Color: Grey & Navy Blue, Special Features: Back Padding, Chest Strap, Earphone Cord Support, Hip Belt, Integrated Rain Cover, Laptop Compartment, Telescope Handle, Water Bottle / Umbrella Pouch, Zip Closure, Padded Handles, Shoulder Strap,', 'Water Resistant; 2 compartments and 6 pockets Backpack with glossy finis; Separate laptop compartment', 'Internal compartments with organizer pockets and internal divider for organization', 'Pocket Description: Utility Pocket; Age Range Description: Adult; Style Name: Travel Backpacks; Closure Type: Zipper Snap', 'Warranty Description: 1. Year Manufacturer Warranty; Pattern Name: Solid; Compartment Description: Greater Than 17 Inches']"
https://www.amazon.in/sspa/click?ie=UTF8&spc=MTo0MzcyMDA4NDIzMDA3MDk4OjE2ODUwMzQ4NjA6c3BfYXRmX25leHQ6MjAxMjQzMTEwMjQ4OTg6OjA6Og&url=%2Fuppercase-Backpack-2300EBP1-resistant-sustainable%2Fdp%2FB0BWNCV31F%2Fref%3Dsr_1_225_sspa%3Fcrid%3D2M096C61O4MLT%26keywords%3Dbags%26qid%3D1685034860%26sprefix%3Dba%252Caps%252C283%26sr%3D8-225-spons%26sp_csd%3Dd2lkZ2V0TmFtZT1zcF9hdGZfbmV4dA%26psc%3D1,"['Care Instructions: Wipe with Damp Cloth', 'Handcrafted with care and made up of premium quality robust material', 'Wrinkle free bag and 3x more water resistant with Rainproof zippers; Trolley sleeve to securely place the bags on the luggage', 'Right sized with sturdy stitching; Dimension: (28.2 cm x 14.1 cm x 42.2 cm); Warranty: 750 days international warranty', 'GRS certified for sustainability; The GRS (Global Recycled Standard) is intended for use with any product that contains at least 50% Recycled Material (License No. CMPY-158596)', 'Padded laptop compartment fits up to 14”, Back padding with Air mesh; Front access pocket for you to easily carry important small items with two bottle holders on the sides']"
https://www.amazon.in/sspa/click?ie=UTF8&spc=MTo0MzcyMDA4NDIzMDA3MDk4OjE2ODUwMzQ4NjA6c3BfYXRmX25leHQ6MjAxMTY4ODIxODEwOTg6OjA6Og&url=%2FRed-Lemon-Unisex-adult-Waterproof-Charging%2Fdp%2FB09VGNTDRZ%2Fref%3Dsr_1_226_sspa%3Fcrid%3D2M096C61O4MLT%26keywords%3Dbags%26qid%3D1685034860%26sprefix%3Dba%252Caps%252C283%26sr%3D8-226-spons%26sp_csd%3Dd2lkZ2V0TmFtZT1zcF9hdGZfbmV4dA%26psc%3D1,"['Closure: Zipper', 'PREMIUM MATERIAL: This stylish chest bag is made of waterproof TPU material. Comes in a shell structure with a front Rhombus design.', 'ORGANIZED DESIGN: Spaced compartment with one separate soft sleeve to hold iPad, phone, or notebook. Spacious enough to store accessories like a camera or short trip essentials. Multiple organized pockets to hold money wallet, power bank, mobile, charger, pens, cable, etc. Soft adjustable single shoulder strap to relieve the stress of shoulder. A strong sturdy handle to carry the bag with ease.', 'USB FEATURE: External USB port with built-in charging cable enables convenient charging by connecting your power bank with your electronic devices.', 'DIMENSIONS: 19 cms x 16 cms x 33 cms (LxWxH). The weight of the bag is 0.48 KG.', 'Outer Material Type: Synthetic']"
https://www.amazon.in/Gear-Polyester-Laptop-Backpack-LBPECONO10412/dp/B012NW0J30/ref=sr_1_231?crid=2M096C61O4MLT&keywords=bags&qid=1685034860&sprefix=ba%2Caps%2C283&sr=8-231,"['Outer Material: Polyester, Color: Denim Grey', 'Capacity: 24 liters; Dimensions: 46 cms x 33 cms x 16 cms (LxWxH)', 'Number of Compartments: 3', 'Bottle holder mesh; Embedded organizer', 'Style Name: Traditional Backpacks; Pocket Description: Utility Pocket; Special Features: Back Padding; Water Resistance Level: Waterproof; Closure Type: Zipper; Pattern Name: Solid', 'Three main compartments', 'One front smaller compartment']"
https://www.amazon.in/Dyazo-Laptop-Briefcase-Compatible-Ultrabook/dp/B08W68TB6K/ref=sr_1_234?crid=2M096C61O4MLT&keywords=bags&qid=1685034860&sprefix=ba%2Caps%2C283&sr=8-234,"['Dyazo Briefcase Is A Compact Lightweight 17 Liters Business Bag But With Ample Space. The Top-Load Ziper On The Bag Slides Smoothly And Allow Convent Access To Your Laptops ,Notebook Tablets & Ultra Book.', 'Dyazo Office Bag With Shoulder Strap Is Equipped With Convenient Front Pocket Stores Power Supply, Pen, Mouse And Other Smart Gadgets Also Front Zipper Pocket Provide Your Personal Valuable Such As Mobile Wallet Keys Cards And Other Essential Safe & Quick Access.', 'Dyazo Laptops Bag Is Perfect Blend Of Classic Appeal And Modern Day Style Of Conveying Design For Notebooks Up To 15. 6"" One Large Padded Compartment For Laptop & 1 Zippered Pocket With Pen And Card Slot Makes It Convenient To Use', 'Excellent Protection Made With Durable Water Resistant Material Help To Carry And Protect Your Notebook & Tablets From Drop Shocks Spils & Scratch. Add Exquisite High Quality Zipper & Metal Hook & Luggage Straps Makes It A Essential Office Accessory', 'Universal COMPATIBILITY Dimensions: (L X W X H) 15.0 X 4.0 X 12.0 Inch. Compatible With All Lappy ,Lenovo , Macbook, Hp / Ultra Book , Dell Compaq Laptops, Ipad & Tablets .']"
https://www.amazon.in/sspa/click?ie=UTF8&spc=MTo0MzcyMDA4NDIzMDA3MDk4OjE2ODUwMzQ4NjA6c3BfbXRmOjIwMTEwMDgyMjQxMjk4OjowOjo&url=%2FRed-Lemon-Ironlook-Briefcase-Anti-Theft%2Fdp%2FB09ZYMT7V1%2Fref%3Dsr_1_235_sspa%3Fcrid%3D2M096C61O4MLT%26keywords%3Dbags%26qid%3D1685034860%26sprefix%3Dba%252Caps%252C283%26sr%3D8-235-spons%26sp_csd%3Dd2lkZ2V0TmFtZT1zcF9tdGY%26psc%3D1,"['? PREMIUM MATERIAL: Made from high quality, waterproof hard EVA material. Premium quality smooth zippers, pullers, buckles.;Special Features: Locking; Style Name: Modern', '? ORGANISED DESIGN: This backpack has one roomy spaced compartment with built in soft padded sleeve to protect laptops upto 16 inch. Separate sleeve for tablet/ Ipad. Spacious enough to hold your clothings, folders, documents etc. Also includes organised pockets to hold electronic diary, power bank, pens. mobile etc. Soft handle for better comfort. Adjustable and padded shoulder straps make it comfortable during use.', '? ANTI- THEFT DESIGN & CAPACITY: One hidden zipper pocket equips on the back to pack your money, cards, wallet. This invisible design increases the security of your belongings. Dimensions: 30 cms x 8 cms x 45 cms (LxWxH). Capacity: 11 Lit', '? USB FEATURE & TSA LOCK : External USB port with built-in charging cable enables convenient charging by connecting your power bank with your electronic devices. This backpack comes with a built-in TSA lock that gives the bag an added level of security. Helps deter thefts during travel.; ? TROLLEY STRAP : The insertible pull rod box design allows the bag to slide over the luggage handle for easy mobility during traveling.; Age Range Description: Adult; Pattern Name: Solid; Theme: Sports', 'Impact-resistant design. ID pouch, Mobile phone pouch. Zipper hidden pouch, Laptop slot, and Tablet slot. USB Charging slot on the outside. Shape-retaining construction. Water-resistant fabric. Premium leather zipper pulls. Top carry handle with leather grip. Air mesh back padding. Adjustable padded shoulder straps with metallic buckle and leather accents.']"
https://www.amazon.in/sspa/click?ie=UTF8&spc=MTo0MzcyMDA4NDIzMDA3MDk4OjE2ODUwMzQ4NjA6c3BfbXRmOjIwMTUxODYwODMzNDk4OjowOjo&url=%2FKenneth-Cole-Reaction-Polyester-Backpack%2Fdp%2FB07GX3PWNK%2Fref%3Dsr_1_236_sspa%3Fcrid%3D2M096C61O4MLT%26keywords%3Dbags%26qid%3D1685034860%26sprefix%3Dba%252Caps%252C283%26sr%3D8-236-spons%26sp_csd%3Dd2lkZ2V0TmFtZT1zcF9tdGY%26psc%3D1,"['polyester', 'Imported', 'polyester lining', '155"" shoulder drop', '155"" high; 1125"" wide; Pockets: 7 slip, 2 zip, 4 exterior']"
https://www.amazon.in/Messenger-Water-resistant-Briefcase-Multiple-Men-Black/dp/B0B6G58BYC/ref=sr_1_240?crid=2M096C61O4MLT&keywords=bags&qid=1685034860&sprefix=ba%2Caps%2C283&sr=8-240,"['[Multiple compartments&Large capacity Laptop Bag]-- Multiple compartments make you store your belongings reasonably,take out fastly your items from this handbag.this laptop sling bag is consist of 2 front zipper compartments + 1 laptop compartment +1 anti-theft back compartment.so it is large capacity, can store more items than others. Arctic Hunter original bag, 100% guarantee, two-year warranty.', '[Super protection for your laptop] -- This messenger bag have a 15.6"" laptop pocket, it made by EPE Foam Covered by Velvet For Shock-Proof & Soft skin-friendly.The laptop pocket also is scratch resistant.the laptop bag also have a 11""ipad pocket,the function and material is same with laptop pocket.This bag is water-resistant in four levels to protect your laptop. Arctic Hunter bag is a good companion for your laptop.', '[Two modes for carrying]-- This laptop bag have a Microfiber Leather handle and a detachable/adjustable shoulder strap,so you can freely change the carry mode,as a handbag or a sling bag to use. There are two rubber mats at the bottom, let this bag steady standing.', ""[Nice quality messenger bag/handbag]-- Main body made by 1680D Nylon Fabric for Durable & Breathable.Front Panel made by PU Coated Fabric + Microfiber Leather For Water Resistant & Scratch Resistant.Metal Zipper make sure it's durable and smooth.Arctic Hunter Bag Ensure a Secure & Long-lasting Usage Everyday & Weekend and Travelling."", '[Good to use as a business/travel bag]-- This bag is design with a business style.multiple compartments help you better store office supplies and have a laptop pocket to put in your laptop.thick and breathable shoulder strap and comfortable Microfiber Leather makes it easier for you to carry this bag on the go.and it can be placed firmly on your trunk. Free your hands and shoulder.']"
https://www.amazon.in/sspa/click?ie=UTF8&spc=MTo0MzcyMDA4NDIzMDA3MDk4OjE2ODUwMzQ4NjA6c3BfYnRmOjIwMDYzNzg0NDU4Mjk4OjowOjo&url=%2Fuppercase-Backpack-1600EBP1-repellent-sustainable%2Fdp%2FB0B5N9TY9C%2Fref%3Dsr_1_245_sspa%3Fcrid%3D2M096C61O4MLT%26keywords%3Dbags%26qid%3D1685034860%26sprefix%3Dba%252Caps%252C283%26sr%3D8-245-spons%26sp_csd%3Dd2lkZ2V0TmFtZT1zcF9idGY%26psc%3D1,"['Padded laptop compartment fits up to 14 inch laptop, Front Access pocket & Back padding with Air mesh']"
https://www.amazon.in/sspa/click?ie=UTF8&spc=MTo0MzcyMDA4NDIzMDA3MDk4OjE2ODUwMzQ4NjA6c3BfYnRmOjIwMTEzNzg4MTc0OTk4OjowOjo&url=%2FHEROZ-Hammer-Backpack-Resistant-Durable%2Fdp%2FB07M82M8G7%2Fref%3Dsr_1_246_sspa%3Fcrid%3D2M096C61O4MLT%26keywords%3Dbags%26qid%3D1685034860%26sprefix%3Dba%252Caps%252C283%26sr%3D8-246-spons%26sp_csd%3Dd2lkZ2V0TmFtZT1zcF9idGY%26psc%3D1%26smid%3DAGHKR430JFM4U,"['Material: Nylon, Inner Material: Polyester, Capacity: 50 Liters, Color: Grey & Navy Blue, Special Features: Back Padding, Chest Strap, Earphone Cord Support, Hip Belt, Integrated Rain Cover, Laptop Compartment, Telescope Handle, Water Bottle / Umbrella Pouch, Zip Closure, Padded Handles, Shoulder Strap,', 'Water Resistant; 2 compartments and 6 pockets Backpack with glossy finis; Separate laptop compartment', 'Internal compartments with organizer pockets and internal divider for organization', 'Pocket Description: Utility Pocket; Age Range Description: Adult; Style Name: Travel Backpacks; Closure Type: Zipper Snap', 'Warranty Description: 1. Year Manufacturer Warranty; Pattern Name: Solid; Compartment Description: Greater Than 17 Inches']"
https://www.amazon.in/Hammonds-Flycatcher-Leather-Messenger-LB168TN/dp/B0849V7MZN/ref=sr_1_247?crid=2M096C61O4MLT&keywords=bags&qid=1685034861&sprefix=ba%2Caps%2C283&sr=8-247,"['GENUINE LEATHER: This laptop bag for men / office bag for men is made of 100% Full Grain Genuine Leather. We will gladly reward 100 Times the value of the product upon certification from any accredited labs like ""SGS"" or ""CLRI"" if proven otherwise.', ""FEATURES OF LAPTOP BAG FOR MEN: Fits up Upto 16 Inch Laptop | Padded, detachable & adjustable shoulder Straps | Padded Laptop Compartment |2 Main Compartments | 2 Front Zipper Pockets | 1 Back Zipper Pocket|Wrap Handle Grip| Trolley Strap | Brand's Brass Rivits | Heavy Duty Antirust Metal Fittings | Brand's Jacquard Fabrics | Brand's zippers & sliders | Stitched by a quality nylon thread | Dimension: L - 39 B -11 H - 27 cm."", 'DESIGN DECENCY OFFICE BAG FOR MEN: This Hammonds Flycatcher genuine leather bag for men is designed by our professional designers which set you apart and outstandingly positioned in the crowd, makes you stand out an organized person. These are not Vegan Leather which will contain shine on its surface. Start your journey now with this leather bag for men as a messenger bag, shoulder bag, office bag , briefcase or laptop bag. Suitable for your school, office, college, & business for everyday use.', 'MULTI-FUNCTIONAL COMPARTMENT: Roomy compartments in Flycatcher office bag for men provides separated space for your 16” Laptop/MacBook/notebook files, pens, wallet and all your items. This office bags for men has padded laptop compartment that offers perfect protection for your laptop from accidental bumps and shocks.', ""PERFECT GIFT: This office bag for men is a great gifts for men / gift idea for Father's Day, Birthdays, Valentine's Day, Christmas, Graduation, Back To College Or Any Occasion Which Calls For A Gift. The Leather laptop bag makes a great gift for professionals, artists, students, and all sorts of officials.""]"
https://www.amazon.in/Motherly-Stylish-Babies-Diaper-Mothers/dp/B07DMKJJB4/ref=sr_1_250?crid=2M096C61O4MLT&keywords=bags&qid=1685034861&sprefix=ba%2Caps%2C283&sr=8-250,"['The bag measures: 39.5 cm x 26 cm x 20 cm, Weighs: 700 gm', 'Highlights: 1.13 well-sized pockets for accessible storage & organizing 2.Roomy main section 3.Three insulated milk bottle pockets (14 cm in length and 8.15 cm in width each) 4.Dry & wet sections for separating soiled clothes from dry ones 5.Anti-theft back pocket for the safety of your phone, notepads, tabs, etc. 5.Front & back openings for 2-way-reachability. 6.Key chain clip 7.D-rings for hands-free usability 8.A 5-cm wide cushioned back straps for irritation free 3-way carrying (adjustable)']"
https://www.amazon.in/Wooum-Resistant-Shoulder-Capacity-Messenger/dp/B09KV5X5QN/ref=sr_1_253?crid=2M096C61O4MLT&keywords=bags&qid=1685034861&sprefix=ba%2Caps%2C283&sr=8-253,"['Crossbody Travel Pouch comes with 3 Large size Pocket storage for your ipad , tablet , mobile , diary , money, wallet and other electronic gadget accessories.', 'Product Size: 11*8.5*5 Inch , Color-Military , Weekender sling Bag is perfect to impress everyone with its excellent quality and unique design.', 'Made in India product , Consisting of premium quality stitching and high grade zippers, this sling ensures long lasting durability & strength.', 'Material: Heavy Duty Military Style Water Proof PU Fabric with zipper. Its padded storage is resistant to dirt and even a slash by sharp objects, so you don’t have to worry about anything.', 'You can use this bag as a messenger bag, shoulder bag, suitable for your office, college, outdoor travels, university, meeting, and business for everyday use.']"
https://www.amazon.in/Wooum-Opening-Supplies-Stationary-Capacity/dp/B0BSFNVFL7/ref=sr_1_277?crid=2M096C61O4MLT&keywords=bags&qid=1685034863&sprefix=ba%2Caps%2C283&sr=8-277,"['Unique Design -- This pencil bag with 1 wide opening design for easy storing and searching, inner with 3 connected compartments easy to sort items and access the right items instantly.', 'Material Pvc Coated Polyster Fabric with a strong zipper, smooth & durable, quality guaranteed.', 'Medium Capacity -- 8.5 x 4.5 x 2 inch or 22.5x11.5x5 cm Medium storage capacity allowing up to 25 pencils and other small items. This rectangular design can hold 18cm extra-long pencils or rule.', 'Multi-Function -- Not only a pen case for storage stationery,but also can be used for other purposes such as travel wallet, travel bag, makeup cosmetic bag. (Case only, pencils are not included)', 'Special Three Compartments Design This pencil pouch to separate and organize your different items, can open to 180 degree, which make you easy to access your stationery.', ""Able to extend when it's opened 3 pouches storage design for easy organization👝 Zippers open at both ends🤐 Extra large size allows to store up to 22 pens.""]"
https://www.amazon.in/American-Tourister-Polyester-Compartment-Backpack/dp/B0BWFFFT5H/ref=sr_1_278?crid=2M096C61O4MLT&keywords=bags&qid=1685034863&sprefix=ba%2Caps%2C283&sr=8-278,"['Material : Polyester', 'Warranty : 1 year', 'Waterproof : No']"
https://www.amazon.in/SBCOLLECTION-Premium-Backpack-Water-Resistance-Business/dp/B0BXL5B1J4/ref=sr_1_280?crid=2M096C61O4MLT&keywords=bags&qid=1685034863&sprefix=ba%2Caps%2C283&sr=8-280,"['COMFORTABLE DESIGN: Our backpack\'s ""S"" Curve adjustable, heavily padded shoulder straps and back panel make the backpack comfortable to wear even when loaded with all your gear; Compact:Backpack has a roomy Three compartment, front zipper pockets to hold small accessories, one internal security zippered pocket for valuable items and side pockets for water bottle or umbrella.', 'DURABLE MATERIAL: Superior quality durable ECO Friendly waterproof and anti-scratch polyester and featuring a reinforced bottom to withstand heavy use, perfect for business, travel, school and other outdoor activities', 'MULTI-FUNCTION COMPARTMENT: SB Collection backpack features multiple storage compartments and features for additional supplies and accessories as your, iPhone, iPad, pen, keys, wallet, books, clothes, bottle, passport and more.', 'Age Range Description: Kid; Pocket Description: Utility Pocket; Special Features: Water Resistant; Pattern Name: Solid; Water Resistance Level: Water Resistant']"
https://www.amazon.in/Half-Moon-Resistant-School-Backpack/dp/B0BXXTZ7GZ/ref=sr_1_288?crid=2M096C61O4MLT&keywords=bags&qid=1685034863&sprefix=ba%2Caps%2C283&sr=8-288,"['Comfort with Quality: This casual bag has Wide, Padded and Adjustable shoulder straps and Padded Back for comfort in carrying heavy items. Stitched properly and Bartacks on every pressure point for extra durability.', 'Water-resistant premium fabric: The backpack is made of high-quality fabric that is designed to repel water, keeping your belongings dry and safe even in wet weather.', 'Three large compartments: The backpack features three spacious compartments that provide storage space for your essentials, making it perfect for daily use. The compartments are designed to keep your belongings organized and easily accessible.', 'Bartacks on pressure points: The bag is reinforced with bartacks on pressure points to increase its durability and ensure that it can withstand the weight of the contents inside.']"
https://www.amazon.in/Wooum-Opening-Supplies-Stationary-Capacity/dp/B0BSFNVFL7/ref=sr_1_290?crid=2M096C61O4MLT&keywords=bags&qid=1685034864&sprefix=ba%2Caps%2C283&sr=8-290,"['Unique Design -- This pencil bag with 1 wide opening design for easy storing and searching, inner with 3 connected compartments easy to sort items and access the right items instantly.', 'Material Pvc Coated Polyster Fabric with a strong zipper, smooth & durable, quality guaranteed.', 'Medium Capacity -- 8.5 x 4.5 x 2 inch or 22.5x11.5x5 cm Medium storage capacity allowing up to 25 pencils and other small items. This rectangular design can hold 18cm extra-long pencils or rule.', 'Multi-Function -- Not only a pen case for storage stationery,but also can be used for other purposes such as travel wallet, travel bag, makeup cosmetic bag. (Case only, pencils are not included)', 'Special Three Compartments Design This pencil pouch to separate and organize your different items, can open to 180 degree, which make you easy to access your stationery.', ""Able to extend when it's opened 3 pouches storage design for easy organization👝 Zippers open at both ends🤐 Extra large size allows to store up to 22 pens.""]"
https://www.amazon.in/GoHustle-Business-Class-Convertible-Waterproof/dp/B0BM99GZ2K/ref=sr_1_294?crid=2M096C61O4MLT&keywords=bags&qid=1685034864&sprefix=ba%2Caps%2C283&sr=8-294,"['Care Instructions: Machine Wash', '✈【Flight Approved Carry on Backpack】: Size of travel backpack: 17*11.5*7 inches. Capacity: 30L. This luggage backpack meets the allowed maximum size of most IATA flights and also fits in the overhead compartment and the underseat in flight. The portable opening facilitates you to quickly pass the airport security check. It also has built-in elastic bands to keep your clothes from falling out. This travel backpack is great for flight travel, camping, hiking, college, etc.', '✈【Large Capacity & Well Organized】: The travel weekend backpack with many compartments is meet the needs of daily & trips. It has a spacious main compartment to store lots including 4 to 6 clothes, shoes, books, and so many other items. One laptop compartment holds laptops up to 15.6 inches. One wet pocket for toiletries and wet items. A front compartment with various pockets can store small items. One side pocket for easy access essentials like a water bottle or umbrella.', '✈【Practical & Comfortable Design】: The handles are set on top and one side, which allows an easy switch between backpack and suitcase. Breathable sponge mesh design on the backside and shoulder straps help for the air convection, ventilation, and heat elimination and help relieve the stress from your shoulder.', '✈【Durable & Multipurpose】: The personal item travel bag is made of high-quality water-repellent fabric, lightweight, waterproof, and anti-wrinkle. Sturdy explosion-proof branded zipper and upgraded reinforced stitching make it last longer. This stylish luggage backpack can be used as a laptop backpack, outdoor travel backpack, business backpack, college daypack. If you have any questions, please feel free to contact us, we will give you a satisfactory solution within 24 hours.']"
https://www.amazon.in/Half-Moon-Backpack-Compartment-Reflective/dp/B0BR2WGZD2/ref=sr_1_298?crid=2M096C61O4MLT&keywords=bags&qid=1685034864&sprefix=ba%2Caps%2C283&sr=8-298,"['Stylish and modern design that will make you stand out in any crowd. Made with high-quality, water-resistant materials for durability and protection against the elements', 'Padded laptop compartment fits most laptops up to 17 inches and is equipped with shock-absorbing foam for maximum protection', 'Ergonomic Design, Padded shoulder straps and padded breathable back panel for added comfort during long commutes or trips', 'Organizer pockets and easy access front pocket to keep your items organized and easily accessible.', 'Other Features: Rain Cover, 17 inch Laptop compartment, Internal Organiser(Small Pockets), Strong and durable zippers, Adjustable Shoulder Handles (Straps) , 2 Bottle/Umbrella holders , Padded Handle , Padded Laptop Compartment , Ergonomic Design, Reflector Logo, etc']"
https://www.amazon.in/Lavie-Sport-Casual-Backpack-Charge/dp/B083KW31YD/ref=sr_1_301?crid=2M096C61O4MLT&keywords=bags&qid=1685034864&sprefix=ba%2Caps%2C283&sr=8-301,"['Care Instructions: Do not expose to extreme heat', 'The CHARGE School backpack from Lavie Sport is a unique backpack built with water proof harlequin twill polyester fabric, premium interior lining for added strength and reliable performance', 'CHARGE backpack offers dedicated laptop sleeve, front pocket & multi-purpose organizer, 3 spaciuos zippered compartments & external pockets for bottle, umbrella etc for storage', 'It features padded back support for comfort and adjustable shoulder straps that helps to distribute the pack weight', 'External Dimension: 33 x 21 x 49 cm (LxWxH), Capacity – 36 litres.', 'Manufacturer warranty - 12 months']"
